IntrusionsBndys_FaultedBndys,IntrusionsBndys_GeologicalBndys,IntrusionsBndys_IntrusiveBndys,IntrusionsBndys_UnconformableBndys,MetamorphicBoundaries_Faults,MetamorphicBoundaries_GeologicalBndys,MetamorphicBoundaries_MetamorphicBndys,MetamorphicBoundaries_Unconformities,RockUnitBndyFaults_LAO_Faulted boundary,RockUnitBndyFaults_LAO_Geological boundary,RockUnitBndyFaults_LAO_Intrusive boundary,RockUnitBndyFaults_LAO_Unconformable boundary,MetamorphicIsograds
0.02965481290984935,0.08120634037088999,0.07544449915499853,0.24023183718539448,0.18264807879168204,0.08545371520816562,0.02449600490102562,0.6015166229541373,0.0027791118971063626,0.07666398698587329,0.07544449915499853,0.020207242624849686,0.12405300168598585
0.019460357298174774,0.07411245756295198,0.08312839958061531,0.17551104898779488,0.21284740032547242,0.09263035879753227,0.019341329197376612,0.6429905551080003,0.0004749423439700485,0.07411245756295198,0.08312839958061531,0.030272961455106426,0.09078318027452066
0.10805048028062593,0.09627013111558644,1.3070137371609514,0.11719729623549446,0.7710477936131432,0.7716102686343068,0.18408811421906668,1.0701609912944863,0.05266166628815269,0.00021181581214983186,1.2551691196729138,0.11719729623549446,0.34921278278737594
0.11758178485437332,0.1006366268904229,1.2754302222817049,0.12127617817650914,0.7860131170183648,0.7863056170468455,0.1879496556653418,1.0671124937854934,0.06323807106818699,0.00021208751397958382,1.2241908617770834,0.09827291318391593,0.3348292200973622
0.03153234067037034,0.027534233482579648,1.16120897415444,0.16089732860651101,0.5267820033740404,0.5204238799227249,0.10152617418938657,1.3595704753936417,0.0025527111401923847,0.011127991050326537,1.120986642046937,0.10242582658350292,0.19810560429873691
0.023219031560453192,0.019203293836567204,2.221021060499747,0.6438043427624698,0.06947901421705859,0.06947901421705859,0.06868672669220602,0.5891664011294553,0.01999159136663455,0.019203293836567204,2.075625963858036,0.14301446106647067,0.010170470158638333
0.05146180178664176,0.01436120153375817,1.339721984048803,0.23514808604851192,0.33030796369761023,0.3306427423381925,0.07971443830203873,1.4963740553979177,0.007908234506613127,0.004453360548185645,1.0367419770349575,0.039171048104823816,0.005372642710542429
0.02561378816419657,0.10633688518535905,0.10876203617700035,0.20082649804111627,0.20701798370371483,0.11936190297137249,0.02591350575775436,0.6369224190962998,0.0013816671786284266,0.08020237928163425,0.10876203617700035,0.014317724409201758,0.10753070819656546
0.014830974171620052,0.009055754645133791,2.2219549537226935,0.651238395628194,0.06458941597578588,0.06458941597578588,0.05703383779611155,0.579495836731387,0.014830974171620052,0.009055754645133791,2.087987625745774,0.14740252576510987,0.0008386132959263946
0.003603494226952058,0.03055183501379251,1.742798648728617,0.1858578035334371,0.35928964396881524,0.353441691655698,0.13268334846835403,0.5553687575910229,0.003603494226952058,0.03055183501379251,1.711510204684699,0.18155667832716932,0.04267911464156269
0.008279745640680914,0.0024993810073537836,1.6767815698758692,0.12394262434467253,0.4064305663392839,0.40804509539392225,0.178897146718679,0.5849779504563987,0.008279745640680914,0.0024993810073537836,1.644548861775633,0.12394262434467253,0.05050240212368888
0.0027207133036327258,0.013034165821991383,1.759502846550948,0.1939837130987968,0.3663406227222149,0.35710415246654154,0.1381390835825448,0.567587290881318,0.0027207133036327258,0.013034165821991383,1.7276354156981941,0.18832953201624167,0.054133570925287394
0.0001034465857535087,0.0022946673201476348,1.5927385315200395,0.03629127457622181,0.41729570557630075,0.41936590504188453,0.1710082549954614,0.5652401415413164,0.0001034465857535087,0.0022946673201476348,1.562547911899527,0.03629127457622181,0.046411638145318436
0.047208092157768645,0.047862464884392976,2.4643090514043764,0.9896586507139447,0.04092579158325359,0.047862464884392976,0.19303852339289632,0.165917515871897,0.04092579158325359,0.004402860258632924,2.4632518828424117,0.11999639524164334,0.04008466551952196
0.23780177518520018,0.1140542470061419,0.41294938683257887,0.4011254862736702,0.5026479108902604,0.3943653827906094,0.02683079340995208,0.8462475810217156,0.0023697934342642563,0.051885941202418163,0.34307038182198946,0.06203652328267811,0.19777947893390954
0.2570965184180107,0.21290450289097407,0.5802495448981305,0.6149154057475437,0.448729954704668,0.3951339367743187,0.04768407268285744,0.8222770239432727,0.014246966756884133,0.011837086850741935,0.5802495448981305,0.20585922029517906,0.2145983744872238
0.2521244967544751,0.22838786270662864,0.5814862138158665,0.594454524897688,0.4657312141913146,0.40748235294854296,0.06728563950817723,0.8362018711070774,0.00041157342504595165,0.02836002928054159,0.5814862138158665,0.1882722932999446,0.23011420044253234
0.13644205112150332,0.08084706355896853,0.35809087821500607,0.5232874867323899,0.41328688259568586,0.3211666275920258,0.05734309194762603,0.7389264347685148,0.00955926405703263,0.04901957656200187,0.35809087821500607,0.18778941598193252,0.07269504578624891
0.11974337390383964,0.06692873268957232,0.2924174060428288,0.5253765152627676,0.3584295193820732,0.2793037575274215,0.037801997630261805,0.6959351203393858,0.009408855269342887,0.04226531665391917,0.2924174060428288,0.18098983887603962,0.05804478786239282
0.043279368517405915,0.053477092466755596,0.07214765265436804,0.17100206370755588,0.25113913240176566,0.08070048688637178,0.04327812456381078,0.6786627350924548,0.0026399530133658644,0.053477092466755596,0.07214765265436804,0.04649817581928192,0.0607605189488393
0.07393513922881348,0.010213973911735131,1.5300277889234124,0.07544776950350343,0.3220598186196496,0.34432768417376314,0.2605823268002991,0.30758139040605453,0.0050638074373383106,0.002303889079359506,1.5300277889234124,0.0692668727502773,0.18093425503654395
0.07554541116920577,0.012432012032705381,1.5280190844773163,0.07710568824240681,0.32490741744845214,0.34440385829178893,0.2561245480436956,0.3107244748183384,0.009456263153420678,0.0008212576197559897,1.5280190844773163,0.07091781291924869,0.1787286694361183
0.07588968831034949,0.009316451292076292,1.5255057810155772,0.07734744817151464,0.3279697028914804,0.3456362656183693,0.2533620855339362,0.3139536908681532,0.008350153302971465,0.00044804517861907146,1.5255057810155772,0.0707982661243891,0.17820521136307432
0.023213598891587573,0.0010573363255096944,2.3588597236470625,0.4613295619797568,0.07247545066438067,0.02151744401211933,0.010861008362817696,0.0242600898183352,0.01853930315066235,0.0010573363255096944,2.3588597236470625,0.004222682455194101,0.0612260442469213
0.08649879030895281,0.0018433022282638054,1.5416427299463895,0.08797669203311308,0.3117605858756515,0.33144018331681635,0.2540201294665662,0.29788902360091035,0.0004430113674874581,0.0004430128524573957,1.5416427299463895,0.07342829200393766,0.16924228836753197
0.09119021339197685,0.01186559506210641,1.5363063278186897,0.09264870633331933,0.3199332902747963,0.3317137333281976,0.24160002192877786,0.306901284896298,0.0013874331078355582,0.0001717385257013865,1.5363063278186897,0.07164748411515004,0.1629099654345811
0.07500125054733144,0.004354300036032218,1.5344638744036028,0.07643940371713726,0.31700383758360634,0.34183736406013,0.26415552221347377,0.3023124925581656,0.0008468767403147278,0.001722178347435972,1.5344638744036028,0.07031098126583718,0.18121375538500284
0.0588525621336782,0.008394499744459754,1.5156780890430432,0.060410014356233326,0.335115999822127,0.36013305773101817,0.25576242968401014,0.3199762093591271,0.00687126351441917,0.001252497624733074,1.5156780890430432,0.05423265641047515,0.1953367610475076
0.06055942731321833,0.006227706449994268,1.5148251503395989,0.06202049712632031,0.3364556302484493,0.3596635678536213,0.2546332246820255,0.3215203848098711,0.00444249433553285,0.00016148042005906507,1.5148251503395989,0.05579638025431428,0.19353326145961375
0.08263211737050635,0.005325789235362421,1.5352270535054784,0.08416766535663017,0.3183851587533692,0.33673544757208357,0.2528939570830544,0.3045170598684191,0.005997742041016638,0.00029740811604380654,1.5352270535054784,0.07794400132801009,0.17201610652586824
0.0761718285050596,0.00805236785296673,1.5328537329520313,0.07766334663081563,0.3192975112436826,0.3416932810625435,0.26026326688658663,0.304870465352592,0.0028568172492024913,0.001352391906296232,1.5328537329520313,0.07149388037682239,0.1790636885506879
0.08779321134836522,0.005936917387615697,1.537537964227871,0.08935055050342336,0.317263831262373,0.3326988180662564,0.24757582701075662,0.3038133446087205,0.0018540932563867363,0.001341172448340968,1.537537964227871,0.07332961260776653,0.16661728063550285
0.09359398080773791,0.09359398080773791,1.6521683426672276,0.2235560294733418,0.14883838396348184,0.17634922834162906,0.184458154997514,0.23620771772832763,0.01720405632372003,5.5333885110629504e-05,1.6397281705082178,0.03976637665794029,0.13230187833684387
0.10050101959645721,0.10050101959645721,1.6581158030488286,0.2247043082158463,0.14479978599491192,0.17076421559852467,0.17988095012233618,0.23501730002841187,0.020251542065308756,9.775752676553419e-06,1.6453137713621653,0.037719397619818025,0.1317176927156495
0.09780768188252938,0.09780768188252938,1.656512206605295,0.2247717793434063,0.1456405823802277,0.17218855942153213,0.18180802911832722,0.2348778131067585,0.020146303996279372,0.001420041082631309,1.6438454907460294,0.038646604628285015,0.13243362579531734
0.10537247814849067,0.10537247814849067,1.6572687687940975,0.22151939259382195,0.14697161452501026,0.17203357868797425,0.17510347066743506,0.23839369297610077,0.017902361349312716,0.0030826004462161877,1.644235035504288,0.033834800408248336,0.12785494438684314
0.06576096095078537,0.06589313595232948,1.6050926404020964,0.18820444348699164,0.24873974178055433,0.24873974178055433,0.1646161520354034,0.27682358230908183,0.009827548040915565,0.01066125272312514,1.6050926404020964,0.0319208546907103,0.06744504079241977
0.0724505291959908,0.07264920626462759,1.5912538084839454,0.1796982962684798,0.2621851680536056,0.2621851680536056,0.1667645457263895,0.289158828512933,0.0034832722968450845,0.00033256437229615276,1.5912538084839454,0.035499716313276856,0.07624401189300084
0.11187839453306886,0.05889561667640065,1.5545351770648226,0.1413655486011529,0.3013061190527179,0.3013061190527179,0.1909212231359593,0.3100593637177696,0.003597177040676273,0.012314036400943416,1.5545351770648226,0.0490583030183303,0.11690913302284532
0.11967963026813898,0.04512972465126949,1.5586782143174571,0.13245373582926817,0.3004689514813009,0.3004689514813009,0.2056492344060342,0.29922316846274705,0.0023172196010857187,0.00256292264313531,1.5586782143174571,0.04172961342032622,0.12322461212230688
0.11001283061826231,0.05253844916924713,1.5707539070226872,0.14272372258858138,0.2881487915553037,0.2881487915553037,0.2017847271915866,0.28963700586635494,0.00017023394667125522,0.0077769308849843215,1.5707539070226872,0.02995336707550221,0.11278377580970768
0.11052345003739651,0.05178084114150805,1.5752039591870737,0.1433319012384953,0.28481927698492543,0.28481927698492543,0.2051718625315881,0.2838676723064288,0.0039613294743913495,0.008777756883596593,1.5752039591870737,0.02516184226872316,0.11261287639460668
0.10740124793025597,0.10740124793025597,1.656712366063652,0.2200365437288375,0.14797678028075104,0.1728059501463554,0.17304238334932057,0.23998106578282022,0.017001422865250637,0.003964843708314682,1.6435828364051936,0.03212759103422023,0.12611567656026593
0.1076668715894835,0.1076668715894835,1.6544556413651044,0.2180109497572958,0.15020230274390858,0.17506364666272523,0.1720232691218602,0.24192472146402255,0.014752108573532234,0.002709544653843196,1.6413220456249145,0.030302235139562296,0.12432756821642728
0.10938749463310075,0.10938749463310075,1.6592871564596747,0.22126232274817356,0.1459939531871889,0.1705054919737249,0.17220206219915246,0.23904917059840625,0.01660249526731884,0.0010686277417621616,1.646055103887694,0.03257764420245366,0.12673857430100705
0.11308612510616892,0.11308612510616892,1.6551540552457087,0.21592873102572258,0.15091944345577551,0.17509436379978563,0.16727482159867102,0.24447217634413343,0.013111731275619416,0.003023466299391098,1.6417563621429572,0.027141253990157207,0.12129277703965301
0.11681456840086783,0.11681456840086783,1.6550613334040873,0.2140676505846251,0.1520745213237376,0.17578552539359565,0.1638275590933446,0.24673174427444594,0.010582826261575692,0.0022846578196937233,1.641484421614904,0.02459540070621937,0.11886082892128304
0.09994098739763582,0.09994098739763582,1.6554468785577363,0.22278215810661192,0.14719142233443142,0.1733775581546924,0.17948700263375555,0.23688387863215835,0.018189084754311354,0.001407311092397414,1.6426817297082243,0.03638800224545092,0.1302365116303159
0.09554559984910949,0.012429484214514543,1.5398023207148588,0.09702270499573588,0.3172446741285861,0.3275216918603001,0.2386106510852556,0.30448597093458774,0.0003509351564468704,0.0014937084386170475,1.5398023207148588,0.06735214397100832,0.15856960149677848
0.09278956432112678,0.0032686765257297044,1.5475174862240892,0.09425162270576684,0.30659943006847357,0.3249890595173058,0.2508562556887494,0.293042191960604,0.001953301949418801,0.0032686765257297044,1.5475174862240892,0.06706457831766531,0.1635260457295361
0.07949793089509254,0.046631103672172526,1.3758006035325112,0.09909202264395327,0.4388083311239367,0.5135084809881856,0.09234923830500255,0.45642583168185336,0.008212685541936817,0.0003495154296392992,1.3758006035325112,0.024548026122212102,0.2043749116373989
0.06936229066132099,0.039587463540534745,1.378437359166727,0.10526628629257039,0.4333000544843264,0.505777210047709,0.08952632589080554,0.4553240861606684,0.007624940742824555,0.008568712130378287,1.3782487674967001,0.021740868224649677,0.19692553858203646
0.08353457744490599,0.05186037788561438,1.3796841052694113,0.09367342339230253,0.4362879224427385,0.5123371773565375,0.09766889079579753,0.4520959465251241,0.01302726497904812,0.0008075714627445033,1.3796841052694113,0.02982788331044622,0.2059997864830091
0.0897181810546516,0.05239245948652784,1.3661460980421378,0.09929471750175854,0.4511435037121743,0.5271218563850627,0.0906794762499775,0.4648520892812863,0.0018193629754284556,0.00020048606032310907,1.3661460980421378,0.022616252583320357,0.19106873411856415
0.08902121273801257,0.054236878106082874,1.3734180849600173,0.09407558336224885,0.44409546437289266,0.520785478986138,0.09595893211227388,0.45767098861015887,0.008701926115480962,0.0007374614747738013,1.3734180849600173,0.02881901166711467,0.1977500193308395
0.08748632258462219,0.05918434026864892,1.3803500082444964,0.08748632258462219,0.4382896031360451,0.5163024846493158,0.10280837417347079,0.45055390788220256,0.015971654922399065,0.0006256444386475583,1.3803500082444964,0.03525159229867357,0.20296131111428178
0.08642850887040442,0.05430469349241826,1.3795378150915416,0.09166067928620159,0.4373602243756076,0.5140824415327111,0.09917403564857463,0.4519003758942852,0.0137284425171988,0.0007844470822273662,1.3795378150915416,0.03135903841170452,0.20452494757351908
0.10211746582374695,0.015659570733899696,1.5450177789871622,0.10361688455777696,0.3133433032708582,0.32125263634346085,0.2340485897356482,0.3010113870157782,0.0012540506094515483,0.004443339689389082,1.5450177789871622,0.06090881209618863,0.152030605588836
0.07226098460942089,0.041242708771202403,1.3772749308133792,0.1036475885495788,0.43525143956228457,0.5083387610757433,0.08988208001208499,0.4560036496695049,0.00746186595632819,0.005373909931435984,1.3772626275423925,0.022415379822726702,0.19976412626027015
0.08610397510332997,0.05129525607978521,1.3727486306868526,0.09652658001598079,0.4437882743495861,0.5197238241697946,0.09365983618369297,0.45864725200601264,0.007226203173932669,0.0007927975936327703,1.3727486306868526,0.026231402331478432,0.19850906810445584
0.08036868027373267,0.049289000732468176,1.3799471398079646,0.0958739985998942,0.4350395355808071,0.5103537620618246,0.09617278042352947,0.452237781036982,0.012351492322738142,0.0030142056690797875,1.3799471398079646,0.028484352029047467,0.207737423939755
0.08354249294904806,0.052811867177988234,1.3818012552467966,0.09240165990231908,0.4342134381678139,0.5104592983758783,0.09933473330475358,0.4500199431108069,0.014994090198734576,0.001407519289495299,1.3818012552467966,0.031535516711616446,0.20797253250885211
0.0855189470337585,0.05493516516919734,1.3828256704533026,0.09032873888414944,0.4338399787945081,0.5106495871857434,0.10120544597545165,0.44877948502830006,0.01651272556896787,0.0017258204884152654,1.3828256704533026,0.03337038424156636,0.20802822880424598
0.08593762963349441,0.05263070830178055,1.3765228372193485,0.0939890355107293,0.4401230644901325,0.5164278129370216,0.09654190106975354,0.45492798026647785,0.010759877776407098,0.0006861527444624642,1.3765228372193485,0.028816667223359627,0.2019775529886557
0.08720751132880326,0.058991104645003435,1.3816293365203776,0.08720751132880326,0.43677415067339803,0.5147258830124581,0.10330071957287965,0.44937258297847416,0.016935676563530892,0.0008420983943722546,1.3816293365203776,0.03560746811073045,0.20451526387301758
0.08449196436302651,0.06218789547220377,1.3821762870140104,0.08449196436302651,0.4374049850373497,0.5161967383290422,0.10572254312965196,0.44849933881444604,0.018332791598385776,0.0003666806611970142,1.3821762870140104,0.03824130584280252,0.20355873189101348
0.08988619707722448,0.058074597566671354,1.3764891344192718,0.08988619707722448,0.4421470265382166,0.5198547264971162,0.10013408118959005,0.45433099833121765,0.012414011462486541,5.264676911300685e-06,1.3764891344192718,0.032991625644148606,0.1992038833663684
0.09038836098234489,0.05482448179171585,1.3714976196702733,0.09462157759513164,0.446363210367604,0.5231499679252117,0.09531883931191203,0.4594427965996101,0.007233969593927258,0.00020231352214902118,1.3714976196702733,0.028030572032621798,0.19540993684064076
0.08976861483542037,0.05298635843933552,1.3678060607117724,0.09791463678586813,0.44961901825457723,0.5258185718878693,0.09202965146891384,0.4631864204288893,0.0034752199866087295,0.0007162388575284708,1.3678060607117724,0.024271848869738502,0.19246722568433297
0.08721561862014882,0.05372485225564684,1.376395022216737,0.09318443190415945,0.440659171136416,0.517250549771275,0.0971893728380135,0.45491255629184985,0.011007447166408814,0.0003149371069314831,1.376395022216737,0.029561838266013277,0.20127069377412884
0.07162449943897277,0.03755397910962992,1.3711977883983701,0.10798226667975869,0.4409375891058156,0.513232818433474,0.08433282511490993,0.4620893051777892,0.001513518000881184,0.0070183608505215754,1.371165419623625,0.01693074814745794,0.19867527439799246
0.08679725210037696,0.04859968428340252,1.363263096975231,0.10352745684580915,0.452866312404628,0.5277891801283251,0.08642618956923685,0.4680482606606039,0.0017855646981054052,0.001144507298648518,1.363263096975231,0.019169987811190378,0.19005788410859517
0.08090199357893167,0.0514175742521328,1.3834930891970858,0.09347429280307712,0.4317052664241228,0.5074591212950185,0.09927210768495459,0.4487059730627698,0.015780616546653425,0.004659694667924776,1.3834930891970858,0.03173030497457249,0.20852791642154697
0.06454021526711455,0.03539770068986711,1.3775488579488453,0.10542744780598519,0.4328738223114899,0.5040613966342241,0.08666983758837364,0.4570010449101421,0.005266434924162434,0.007491862018551033,1.3770834278540378,0.018391829780358002,0.1920860497474668
0.08388790235905387,0.04855050838503687,1.3709378970586314,0.09936601076487492,0.4448052681550404,0.5200134938694633,0.09087980341003668,0.4606992235353432,0.004851142023554835,0.001427636385310813,1.3709378970586314,0.023378138805070548,0.1979699417986408
0.08587589897793095,0.05187469452570458,1.3747735528201241,0.09523657390385863,0.44178373906277896,0.5178890695676609,0.09512864651875516,0.4566649031702249,0.009088037319737063,0.00026990103172769465,1.3747735528201241,0.027504456741225237,0.20042372462517813
0.07877977076782393,0.04449651294047794,1.3724372196264605,0.10187519777843693,0.44182072445016796,0.5159877483758362,0.08917865088465084,0.459845206394484,0.004806376594425419,0.0001479063025521102,1.3724372196264605,0.02133401525469391,0.2017525816769455
0.08561616814190101,0.07711052435470087,1.5936618552234978,0.16884293895270977,0.26278159636777126,0.26278159636777126,0.1835392258072589,0.27676765428709094,0.006827329781727015,0.014194744410430633,1.5936618552234978,0.01762198602971262,0.08718639625574229
0.0727007927497031,0.07288714182289338,1.5929514893236243,0.1796001165941847,0.2607311670244013,0.2607311670244013,0.16799100350799062,0.28671125293380656,0.005798471666330707,0.0021590582889362895,1.5929514893236243,0.03326984489758053,0.07607416568771527
0.07021457107413968,0.07038963444328111,1.596232852414144,0.18230526580213782,0.2574098088491718,0.2574098088491718,0.16650469773645207,0.2843808341047096,0.008545016563423614,0.004016714653340052,1.596232852414144,0.03305898397770995,0.07324512314293599
0.06182005507497641,0.062001219493188715,1.6006985244528547,0.19052496335294225,0.2521482027854884,0.2521482027854884,0.1583000613133645,0.28523607343231927,0.009477242456530212,0.0021239889513432176,1.6006985244528547,0.03979264023854374,0.0651971550647371
0.07906760235603114,0.07922317692374309,1.5940151879343814,0.1742224056125802,0.26101240429468503,0.26101240429468503,0.17613761746220216,0.2807116829620289,0.01067554304359545,0.010144134945625539,1.5940151879343814,0.024482974564808264,0.08132516124843651
0.08610517931080537,0.07859909733797435,1.577741180511398,0.16613372684646993,0.27635422954243316,0.27635422954243316,0.17527160058403637,0.29684844137693017,0.006022143702247985,0.0004284372828096808,1.577741180511398,0.03695725338523118,0.09058517729545554
0.09156153252398483,0.07212863418487107,1.5769118752087101,0.16055256839728524,0.27823099636555587,0.27823099636555587,0.18216768389160545,0.2938212975121866,0.003750950865833269,0.0038137072142337964,1.5769118752087101,0.032622587306935076,0.09541890830738102
0.10368251357331353,0.06011050010045269,1.5696565037646564,0.14845553957133947,0.2871811346736716,0.2871811346736716,0.19279163146186518,0.29502633997132305,0.005541981069311524,0.0028916602756704516,1.5696565037646564,0.03362796636371132,0.10728261957792755
0.11017415168291546,0.05292274042479443,1.5681534598306757,0.14219167281328363,0.29023009338919514,0.29023009338919514,0.20020650471896606,0.29282404420977715,0.0030353397627836507,0.004655975849123518,1.5681534598306757,0.03284773257984087,0.11330926902117164
0.1178180203819274,0.045694989927764176,1.5626441627691348,0.13450837963094242,0.2968595242954303,0.2968595242954303,0.20616405066887278,0.2952408650526472,0.0015039128312017576,0.0014889399616183783,1.5626441627691348,0.037728822861129795,0.12099340910151479
0.11034234164648427,0.05220807210719964,1.5777620211219021,0.14422634677415228,0.28274924316911465,0.28274924316911465,0.20638398036508335,0.28090046533121055,0.0029451389391181174,0.006117235839755022,1.5777620211219021,0.022615264968014474,0.11209019180460583
0.10821219461133827,0.05433017821341202,1.5789863798206494,0.14630263886977982,0.28110711233755004,0.28110711233755004,0.2044334281872197,0.28063351462914077,0.004610620560563709,0.005141074135132489,1.5789863798206494,0.02138857209443738,0.10996694221060141
0.10079224823297164,0.017105570863974785,1.5418137741584408,0.1021950325212164,0.31677730014414063,0.3238767731875011,0.2330922531060594,0.30445938407850826,0.0008844037999439057,0.003671305246008564,1.5418137741584408,0.06332059160605873,0.15330298977775933
0.12409643216145645,0.12173557319568312,1.4867627646034571,0.17533502665966672,0.330981397842077,0.3460597791285076,0.13057967371949386,0.40531304658790984,0.0002533744219238935,0.0020771575616931556,1.4867627646034571,0.0741351994597643,0.11257296221248102
0.12417310871537063,0.12379008561707537,1.4897316111879926,0.17446763285075922,0.33144969236345057,0.3458049119052475,0.13180039641693017,0.4018789810824647,0.003640759243780037,0.0008956024869471428,1.4897316111879926,0.07421143162934138,0.11462291498737308
0.1199684875514057,0.12037996623690515,1.4955325694019228,0.17466370767861972,0.3307904493949075,0.343905283283955,0.1324126959383834,0.39621886258147626,0.0020509838958448524,0.0020847104012151414,1.4955325694019228,0.07562061725848199,0.11666800365958613
0.050389408555959435,0.05064707216107337,1.600341333348079,0.20240059051374576,0.2514762271797317,0.2514762271797317,0.1424036330538357,0.2963761744958411,0.0013690236755102652,0.0003858867749876685,1.600341333348079,0.05663798190261227,0.056575201451446136
0.018760914575625908,0.000620441866278805,1.6557583948830457,0.2710270469833019,0.18672079155342425,0.1999577950641506,0.08480365027792337,0.2904124013567952,0.017086123425057376,0.000620441866278805,1.6557583948830457,0.11284886382454466,0.010250395754492594
0.10425732505856128,0.08605795883863732,1.543744892147751,0.15818237910367317,0.30856179373680964,0.30856179373680964,0.164275417997509,0.33393200813695195,0.009665216274923177,0.0019711141057330798,1.543744892147751,0.07259319315057708,0.11378532745076429
0.09334056663351696,0.08763517469995029,1.556377459014533,0.16547377443029404,0.29592961287936653,0.29592961287936653,0.1620710506886086,0.3236728628819547,0.007302712921390921,0.00012431596606865227,1.556377459014533,0.06341565028350461,0.10175197676763749
0.09270533053160887,0.08283986239880345,1.5611136777667933,0.16358395031197875,0.29166542482229413,0.29166542482229413,0.16717822050130848,0.3164759800874852,0.008955634375637199,0.0008649312653647356,1.5611136777667933,0.055943975187140914,0.09965381175445077
0.09249991887313389,0.08017216065027297,1.5636994104920816,0.16250231266537912,0.28942660950516186,0.28942660950516186,0.1701968271331739,0.3124328414159658,0.010596859790225347,0.005045133834302577,1.5636994104920816,0.05171670747348113,0.09884601890728413
0.08101407013022777,0.08125287893318363,1.5788936860137708,0.17158188632089377,0.274409965417145,0.274409965417145,0.1688924078591118,0.2994404334099237,0.007780619460614193,0.0024771138448857178,1.5788936860137708,0.04126069224761542,0.08608813692944522
0.0719163983087702,0.07239256054186416,1.5786020696086989,0.18328181589852535,0.27343411172393983,0.27343411172393983,0.1535612595799914,0.30890410838378246,0.014832908820482086,0.0006390367417491244,1.5786020696086989,0.055006979900515104,0.07911379150643168
0.06102542608683535,0.06139014055382765,1.5893842262926194,0.19285181449942113,0.2625160939119975,0.2625160939119975,0.14853053882988557,0.3026910824892793,0.006996887431073728,0.006617732490378707,1.5893842262926194,0.0548858894133744,0.06782555275979571
0.05043868787559019,0.05083242784134088,1.5978365658720897,0.20322011763167272,0.25393164240753185,0.25393164240753185,0.1400101295450105,0.3004839029459312,0.00221262099458065,0.004119775926417685,1.5978365658720897,0.06008275543948368,0.057603079297776576
0.07663022648270919,0.044617768958919564,2.0741776821263733,0.28629589460868027,0.06891225027523959,0.015663290287174347,0.08549402871305063,0.14419775749288313,0.0058499437556143,0.015663290287174347,2.0741776821263733,0.06678891434298635,0.04874849170122289
0.08775442326880403,0.07833963391006597,1.5742532370439153,0.1648154617455948,0.2796255706567138,0.2796255706567138,0.17440277469200915,0.30049704151193235,0.009744458889452426,0.003159150711819956,1.5742532370439153,0.04027219149490854,0.09267516989127132
0.0931260744210784,0.075746361210892,1.5672712062932719,0.16026288189986493,0.28655457927520395,0.28655457927520395,0.17539082385488539,0.3063076534326442,0.012644988311465715,0.00873997844311683,1.5672712062932719,0.04521475305841668,0.09857524475139867
0.09841434548961787,0.070844392475637,1.5637049975978847,0.1549123129309473,0.2906361136582732,0.2906361136582732,0.17982237077104848,0.30719035524903,0.008202489398251887,0.00932394465014011,1.5637049975978847,0.04558492919985041,0.10372261832496173
0.1078663028014868,0.08544231694142129,1.5399278694981904,0.1556822979900555,0.31241164254616244,0.31241164254616244,0.16543637846913922,0.33679274930776576,0.011145168183196223,0.004008659706009651,1.5399278694981904,0.07526923518383671,0.11760301892341644
0.09297942910421979,0.07168119430240656,1.573757373461843,0.15919599703648243,0.2811631990539605,0.2811631990539605,0.18149859770052573,0.29706820803681816,0.007060723868100322,0.0006131407937023707,1.573757373461843,0.03572851215028191,0.09722059735403984
0.07794559417965488,0.0781633987523869,1.5844921085453791,0.1742118732967909,0.26903348268087823,0.26903348268087823,0.16964794487199691,0.29398309451041665,0.002087103514206863,0.002893859452214645,1.5844921085453791,0.0370717104218794,0.08232365447310112
0.055908080149445094,0.055995780414052544,1.6169746650234833,0.20026858231696004,0.23633709078395937,0.23633709078395937,0.15647449766112043,0.2705635639180981,0.006190056395323142,0.004665936072962718,1.6169746650234833,0.03954189676139203,0.056090224792337474
0.1022561886476795,0.10008217370629593,0.07212964529289395,0.8737327697430788,0.4095264757867746,0.4128806743369058,0.05221225792779555,0.9450127473351082,0.00014271166037438675,0.062444390580726504,0.004472025997069775,0.03785890867601518,0.06131649872250603
0.12187574941215759,0.1510408717522889,0.021389862015914956,0.8371148172660275,0.4989254200750903,0.47856160951622967,0.0010645061754448889,0.9857498669442066,0.0011604696545023116,0.008165266098196962,0.021389862015914956,0.06987596063311685,0.05664955676552631
0.06403374722145094,0.010097692007691658,1.5266001570349097,0.06544526283623217,0.32357712184736614,0.35226352015054446,0.2671333160563585,0.30822273329972666,0.002294848151385836,0.0027798674912984434,1.5266001570349097,0.059343030974609634,0.1922587911290243
0.10856351170237688,0.021578437831674756,1.5486335274185887,0.11002146122877939,0.31150443542659945,0.3160788103308083,0.22822080278369855,0.29964994939802025,0.000971262727507381,0.005071249747395998,1.5486335274185887,0.055415125040352176,0.1455449095634215
0.0826020514770035,0.005542477615246308,1.5350127534938198,0.08414057530852805,0.31863597149897604,0.33686084067148325,0.252716874457156,0.304778102617781,0.006287234616949103,0.0005576063823297216,1.5350127534938198,0.07795028152138382,0.17200597408152418
0.04714346346211961,0.007472948277369225,1.3334687470451851,0.241675600722342,0.3257145609027023,0.32594045812508415,0.07777154838206835,1.502847074468246,0.007563480812122641,0.007436987926088229,1.035390038879523,0.044835001980134556,0.0001279772379998193
0.04754473716535582,0.04217426066298109,1.20895516186884,0.19411630409441735,0.4816779876010109,0.4739652516695725,0.12093461237809217,1.3895435972685208,0.028145704528651883,0.01120492379393945,1.1822087706692959,0.0942201454228976,0.13501477243871488
0.04729962852839285,0.042673104496691594,1.174783860836252,0.1659730429326093,0.5200321021914504,0.5163352487319315,0.10461860130219085,1.361576609816141,0.006444240845729169,0.01267802806324125,1.1364446884681065,0.11829452034558113,0.18591577760367206
0.08597235472876932,0.05431060161516863,1.3804914439317542,0.09139203815225669,0.43628107882309775,0.5129862338019735,0.09965439534692482,0.4510149157761867,0.014484188429032596,0.0002740536470436559,1.3804914439317542,0.031812533513112,0.2056228845767913
0.14648480631965674,0.09287284302707,0.3095905830114338,0.5248957972358773,0.3825032455521324,0.2940190365527557,0.06586441746818757,0.7226023534288083,4.714003783578211e-05,0.06868500267787005,0.3095905830114338,0.15392772721032372,0.08416046292630953
0.16631507697931844,0.11232218433548424,0.3271630146278474,0.5028446816454561,0.40352974431373156,0.31020647387619177,0.08730676845383546,0.7445375329921903,0.0038658158997311684,0.08798449089065703,0.3271630146278474,0.13497373159647177,0.10334222360196939
0.20095221845923789,0.145968866836222,0.3662380682038423,0.46251600270453164,0.44531194937502966,0.34782347720344725,0.07805870776368996,0.7860108320106027,0.01974042157395254,0.0979964926981329,0.34839272822060174,0.1095831598656377,0.13739947237361555
0.13376629870166667,0.07782859223374111,0.34835360352883965,0.525257885841609,0.4057588489602514,0.3181550763074983,0.056498710170415634,0.7337137812490229,0.011113953538242556,0.05338357523262372,0.34835360352883965,0.18311384780045012,0.06999944755719048
0.15912255787155735,0.10367919589633551,0.3482708550199071,0.5014179169430378,0.41628930032613615,0.33328466376252003,0.08300800517585633,0.7511979695465433,0.014810433194644285,0.0802664953573061,0.3482708550199071,0.1512662289494656,0.09527530303598318
0.19848958159307206,0.19848958159307206,0.6384550591521134,0.6161233441005578,0.4277395217344204,0.4083346178288115,0.07754728790063727,0.8736761645544313,0.004758049835538963,0.0052541907317352095,0.6384550591521134,0.1709103776259793,0.26492636008978243
0.04494825899311917,0.05120289064189654,0.06787905729682393,0.28573189685144296,0.17417781282613076,0.052995974219668,0.043704082784107805,0.5719895380964338,0.0017187478116345001,0.05120289064189654,0.06787905729682393,0.03594553137667321,0.09333363899091174
0.07887785583852117,0.028100937313758054,0.04159383637301572,0.23971778100235552,0.3973536770480307,0.1768144778227404,0.11908287868505094,0.8083235310027707,0.005084788147071108,0.028100937313758054,0.04159383637301572,0.08723525746731921,0.022671437387315797
0.0961985861003075,0.0585800198414044,0.05112858316540042,0.18792449036997322,0.3246550785269969,0.10948442391002003,0.09206995443312797,0.7424701112162673,0.004644732034616622,0.0585800198414044,0.05112858316540042,0.1283180875051039,0.0461371527595202
0.0964991824608841,0.045789603393184865,0.055739856232663074,0.22245019638617505,0.38328121605575416,0.1618976496545941,0.13414693953704873,0.7921252420309258,0.00551101400481805,0.045789603393184865,0.055739856232663074,0.09394794261818595,0.04035753353022997
0.12009553778396242,0.07070153261652803,0.07283570747050647,0.19082463142658027,0.34737311714258196,0.1261691384516651,0.11300384490793694,0.7575465078167696,0.0014927024103863664,0.07070153261652803,0.07283570747050647,0.12766514177132823,0.06527048381521758
0.11280350854878007,0.062080310549280766,0.06924371346122138,0.20647611921693454,0.3702424247605543,0.1483646890992598,0.13650831278135866,0.7770338042022181,0.0022740116414499863,0.062080310549280766,0.06924371346122138,0.1027747576582148,0.05664765794300252
0.1135354966753976,0.05450126460641013,0.056187459543972765,0.2063054256777417,0.35777119745384606,0.13804590856311713,0.12331035200882706,0.7708000152042396,0.010456818199833233,0.05450126460641013,0.056187459543972765,0.12330747294613728,0.049073134313109446
0.0823464742578516,0.03067308207073259,0.04046122534275539,0.23595679924485388,0.3918294446285486,0.17163442246400198,0.11830020152688712,0.803619529342546,0.0005124378522683678,0.03067308207073259,0.04046122534275539,0.09349241578890706,0.02524089197951595
0.026038986898504913,0.11527117826606538,0.0996787460858559,0.21519066911443502,0.19477908926608203,0.1214271288121457,0.02548473523065304,0.622348175751481,0.0015111691347666513,0.07783031435800353,0.0996787460858559,0.018809162157581907,0.12844756994119097
0.053099808894328866,0.053099808894328866,0.06104702970795679,0.16931684741076172,0.2690296160833438,0.07823171597343577,0.053228897799674546,0.6940759481615614,0.0005967359339959398,0.053099808894328866,0.06104702970795679,0.06778451939963721,0.051718374718340746
0.0522057783001168,0.08908484518386098,0.09356564568839171,0.2677153570223486,0.2022760787725842,0.0929950344668288,0.050243607791497995,0.6155210725172092,0.008819677480993554,0.05616752753809252,0.09356564568839171,0.002769212047282623,0.13440981955255937
0.07900147620336342,0.1159756748130062,0.12122261693239482,0.28466604520617794,0.2297539188616937,0.11972211164810581,0.0747188255972965,0.6428385178263206,0.0040686309708727,0.02961571234213544,0.12122261693239482,0.02837421343531552,0.1530748404428329
0.03657516036418421,0.07121313053536231,0.08144745924885437,0.18231085672090924,0.23437333563578044,0.09611139829396606,0.0367335017512842,0.664244330372027,0.00043527112641970737,0.07121313053536231,0.08144745924885437,0.023302079082372952,0.07604691973771859
0.0272154770836828,0.08332636902722117,0.09307624584208322,0.18539222482159165,0.2165953492923529,0.1025794363459899,0.027185745114474857,0.6470064557814467,0.0018180260032453867,0.08332636902722117,0.09307624584208322,0.0203641427882794,0.09329713182259743
0.02349256769156195,0.060151774178873824,0.06291499960180148,0.2510430891819651,0.17186768984920195,0.06428633462466322,0.02256554847008217,0.5853016767087381,0.0008773951757816155,0.060151774178873824,0.06291499960180148,0.025458517645685973,0.10483499800441864
0.06027484537138508,0.04470445429239054,6.198347225277797,4.587123299132413,0.3949457426338455,0.5042030035230733,0.45010347633424846,3.8820218760939817,1.6409501309581433,2.1828487849662745,5.175296747650481,3.670458411951227,0.051150324182502704
0.17549988405314623,0.1485884587767098,0.2841684421162899,0.49221087735612234,0.3831308529910057,0.2655846198626389,0.0689856905202992,0.7345528214890654,0.00835698354042683,0.06715299973931327,0.28002280036164473,0.11926360880738338,0.13976796535398656
0.05907921175767736,0.05907921175767736,0.055056699800217566,0.17010434140395966,0.28213518559392226,0.08084751674270642,0.05806346320241607,0.7051434905693974,0.0011129410342518898,0.05907921175767736,0.055056699800217566,0.08381989434884354,0.04965129468301874
0.049858002673423864,0.045407656118653654,2.2432757501472476,0.640560698682661,0.07981264776667568,0.07790192024174666,0.09849588946315581,0.6410493528610937,0.008533227850114938,0.0015801894822076595,2.04081182407316,0.15420770307658446,0.034984151274753975
0.07719373019901961,0.06303831761844203,0.04938283733812409,0.17840632796620154,0.3042993863270699,0.09414969779087073,0.07486984220531877,0.7247171068089674,0.003451688291215163,0.06303831761844203,0.04938283733812409,0.10652375905117321,0.044069105377026116
0.05675009014390054,0.0569409773615483,1.6028039189479768,0.19545039284218788,0.24961830884604772,0.24961830884604772,0.15301802307257073,0.2866852911441425,0.009100720010148026,0.0007745225311936866,1.6028039189479768,0.04466780655992715,0.06055428910320997
0.11916162171326154,0.04542874177700147,1.5593824096187197,0.13298555389707328,0.29976941882599717,0.29976941882599717,0.205502614480777,0.2986230194618464,0.0016101245626586973,0.0019279254781383827,1.5593824096187197,0.04102966813897125,0.12265954713087392
0.06844332115107477,0.06782627992520265,0.049382407816835366,0.17543075180715964,0.29350050073281725,0.08811939709121636,0.06684209736086011,0.7155833313020032,0.009291772173242993,0.06782627992520265,0.049382407816835366,0.09370309218903895,0.04403765228129541
0.0594772099246232,0.053559771276969065,1.54892864613645,0.2803860675722046,0.2252458076347743,0.23782338085665714,0.03126778347351606,0.42314850901392964,0.006412797947988082,0.0012439361814068934,1.54892864613645,0.1425388652515119,0.044442258384469975
0.09851895106474827,0.07701663931382674,1.821521028132783,0.1791313009986907,0.6661075129918014,0.6658591254062104,0.09893876894599113,1.2841933835008277,0.09851895106474827,0.04274434789703559,1.1068612552255004,0.10496975958046234,0.1327443914577365
0.03249523061150545,0.05502607673733711,0.07438105120835,0.16939690486781855,0.2375572982313806,0.08105149062109775,0.0326159690020159,0.6660106034907705,0.0015664951276141985,0.05502607673733711,0.07438105120835,0.03897330948879334,0.06681447284434275
0.09817913182756065,0.09817913182756065,2.2933310261588615,0.665420107687369,0.0777260994254477,0.07815600326678547,0.11479863904707263,0.7125970847607654,0.006672793180652206,0.042096385794055835,2.015440877491839,0.20498499703065165,0.09246754150898895
0.07346303276239617,0.07346303276239617,2.1518143257332207,0.5708397806859434,0.12335973270630428,0.12335973270630428,0.12743498104833528,0.570285509189803,0.0018602830594447784,0.011317300389559864,2.023541837712752,0.07026133952748817,0.06744159754423483
0.06287724514760723,0.057902425918579845,1.2237094148720253,0.17838524066952477,0.48974729770888153,0.48050336882662403,0.12492094835212414,1.3794094469566147,0.016644393739586316,0.010025548812253838,1.1946234293345261,0.08072513357238975,0.13809383180735424
0.032006433754738134,0.02584892707874248,1.1586457230757718,0.16489171870492608,0.5231307579145319,0.5161625109544453,0.10562932181334062,1.3637546925251842,0.0010489349040685055,0.015411313430872308,1.1196275663819304,0.10209703110518961,0.19580643664457334
0.10055620752427549,0.08746297153570706,1.302328545061552,0.1083101078577604,0.7637211958144752,0.7642321683637759,0.17531180358219084,1.078967210566848,0.049511282316813045,0.00021117235324469579,1.2500805953932896,0.1083101078577604,0.3563993555577036
0.11631101622836221,0.09989352014962345,1.2912255714202272,0.12022357819009796,0.7792251499055586,0.7796525626970535,0.18685016700609527,1.06768054882549,0.06745713972922354,0.00021156140341881284,1.2397234488914002,0.11034100724740109,0.3409159024969777
0.12055733274042013,0.1046286079856875,1.292679690600757,0.1249867137673857,0.7835850563614032,0.7840306950943248,0.1916462265116973,1.0628751924932507,0.07002750612503408,0.000211679413316557,1.2414151733556045,0.10732244326794638,0.336522424810588
0.11755507232656882,0.09932363020112625,1.287047396474108,0.11954299672390595,0.7801634331891578,0.7805539451149808,0.18632327558970213,1.0683179139899888,0.07049162444401187,0.003954014798988672,1.2355702392619057,0.107744586317578,0.34009894395980944
0.13676189309124848,0.12214561898167041,1.2975060102442098,0.1425827831061894,0.7999294852331709,0.8004348124766588,0.2093240631464705,1.0451802334934013,0.0715881176255986,0.000211759148216625,1.2471270062213202,0.09581865576255515,0.32018827168095104
