IntrusionsBndys_FaultedBndys,IntrusionsBndys_GeologicalBndys,IntrusionsBndys_IntrusiveBndys,IntrusionsBndys_UnconformableBndys,MetamorphicBoundaries_Faults,MetamorphicBoundaries_GeologicalBndys,MetamorphicBoundaries_MetamorphicBndys,MetamorphicBoundaries_Unconformities,RockUnitBndyFaults_LAO_Faulted boundary,RockUnitBndyFaults_LAO_Geological boundary,RockUnitBndyFaults_LAO_Intrusive boundary,RockUnitBndyFaults_LAO_Unconformable boundary,MetamorphicIsograds,vs_cluster_boundaries
19706.60652267462,13019.201175926106,149350.19497739366,589543.0646008166,19423.016990718173,33015.97228035035,25281.59528769365,57773.476424070555,177108.26072853676,179071.52623838306,189508.91429320953,525117.8535768774,3468.426510384627,593429.2954360815
23914.861405498305,10970.631841364546,664426.7702169106,498622.4995279906,31773.491895982144,67626.40606895891,28698.090256586154,414688.45279549813,248196.4552033757,266697.3151940927,580583.07220079,403717.5287407056,9776.355783842373,89963.24540018573
10295.546024475143,7066.767732222638,33273.11097442764,454233.20620130695,10295.546024475143,6360.266777403356,67847.09196444378,94224.13418403087,63370.58178540544,66638.69686217366,92718.99811709343,388377.33951497637,6067.0115355366825,455037.9585821363
45973.064055013085,29853.592980081186,136408.6289309096,560824.1828685318,18936.900107140842,29751.412345557426,21411.07662716185,25112.87020079438,125080.0636810704,114341.51415425833,292029.1143240226,564231.1211113025,28048.062952632037,553979.2141440881
57183.71518005617,55521.34439497129,8491.083698235949,450767.2321247182,1893.7463902814845,52433.384242331595,15951.74698926219,192314.25804915538,1893.7463902814845,42972.14765583433,81469.04324109644,390341.8207299301,3105.645654625163,467789.65536160563
28265.951379064023,33318.32225463191,212728.95458808585,371505.4781459751,24779.42329829199,24678.379375693985,71202.60595636364,191090.7197993094,16296.855118186653,25229.299873299144,299512.69149763713,371505.4781459751,27268.1878987322,324349.2746140131
19707.94444825819,4278.020595614775,157140.25215685577,73268.9400206196,3852.7765287267935,2623.5475641252015,13195.927660765059,151458.97122612613,902.7662450050345,1885.1374858878119,74710.13377016596,54272.451115622105,3353.852302220848,91870.85345384596
6858.411588165025,6858.411588165025,26046.71557645161,466474.6353128585,6858.411588165025,6858.411588165025,64620.04793750942,99082.9254785626,64620.04793750942,70185.56892263479,64620.04793750942,403354.5466661232,5858.411700052868,473129.80891340267
132381.41964575497,11473.857274851815,480840.7712803848,246736.8720033552,63731.768875578964,117626.59157106011,23941.430958581717,318524.0656292793,27068.218172646582,10510.064289220481,274498.419932046,246736.8720033552,9485.649929846919,2017.554339075608
18290.113055568916,3524.117950503655,94447.9843910996,173432.16455720962,53819.759690413906,130777.20388553648,50360.76919337869,146063.92276420465,17858.86886037113,3524.117950503655,94447.9843910996,108279.59754527951,4666.35655092574,187331.87619257477
66447.97246706518,58996.13184628039,84301.93786425142,665698.9988240991,28394.693415861744,38418.29948693484,29777.65715483738,73222.3517224158,240814.26137344958,230192.4943517562,430223.98613761674,665698.9988240991,84847.03008299321,616870.7943259693
6253.388472418,3633.940094905538,117253.64206264314,29406.626806468616,7973.941184688585,10034.581616734555,1350.9076530997484,45317.92011570987,6323.212219629779,3633.940094905538,117253.64206264314,25406.176347481392,12022.905687215563,1479.5330207683232
122.69808348922774,872.6582953105362,88434.01047595189,172948.18740090675,35959.06441966132,131322.6645575042,35959.06441966132,123218.83052724387,122.69808348922774,872.6582953105362,88434.01047595189,122928.74423502413,3024.7591460216227,182256.25949964143
99754.82692622601,60.01488161708915,422462.05045718316,181913.6085272739,31044.152929273518,59984.10256633123,17738.88448847183,275368.36982716847,31044.152929273518,60.01488161708915,211852.27714434214,181913.6085272739,1946.6294995297217,50220.04869965672
1541.090799169594,1549.8208914352065,202868.31230992053,441648.56263876864,21936.2007204201,21886.873906585697,35251.76396131173,265083.2942868523,143104.93722639902,151787.48835992673,370549.6237088123,441648.56263876864,9677.208011105846,321544.2988343136
5808.890482317979,628.1875534899141,305338.8644256574,376010.35835041234,66700.66498627292,63404.621182340714,66671.36582495534,347558.4611633212,141045.73582242837,141045.73582242837,309767.4834542237,376010.35835041234,377.78381929734826,221082.1355446996
2264.2324261710087,487.7842805192736,407757.34068910574,185520.79502963237,12779.563822342745,88181.10296380003,35437.24088675219,378781.93167069065,2264.2324261710087,487.7842805192736,132935.18327390918,185520.79502963237,4198.982185036141,79653.09106279752
49260.29088912745,4464.909032128085,195492.5820787229,615840.0145270944,18291.057601214743,36446.800925657,8209.076749988659,36803.77507842576,191313.26486752465,193892.37287837506,234374.0913054559,562830.3477195231,7098.139987783139,629749.3861513039
44743.879994730574,41847.886307234614,98976.40904090313,353903.0934855631,33145.968346281516,33120.13525104619,33935.678534591614,192063.9559733185,1723.2177758319804,37760.87510378501,127416.90373522641,301963.5446360513,44890.050866995814,363889.70360525494
6335.06597714956,1900.2996825348678,276678.5258033649,119520.70905170472,15373.44013267396,13588.293161366491,17822.409638330897,72474.98857054545,5112.013316162969,1541.2773975306397,253069.0157448864,26855.17964736688,99.27533620885039,35811.3242415172
23082.88896150493,17682.067169393944,418215.59932357824,270207.34470769204,15589.98575798738,25165.62800293682,27283.143356742003,175317.57755413023,15589.98575798738,20623.430854292692,385169.89042162756,157209.01651966,24113.376149539778,14652.267443606623
18333.987979371468,13346.514727293725,476515.2487702676,231228.12699909034,12788.861099170295,150123.0464161788,19554.494783401125,408098.55908544385,12788.861099170295,18333.987979371468,196649.9257261138,231228.12699909034,12350.057131697586,11063.322742177688
37570.147134752624,24176.961427120183,113667.90003541719,578398.4441200037,18850.668838119494,36625.28048996125,24369.679182934982,39325.838563221645,142752.91738870906,131881.74802467597,319626.8068611174,589212.5866274496,50390.04581313402,561627.9293139523
3708.525272475871,387.84664068610857,598829.0789099297,458553.9373317959,7745.433560785791,7730.87125042511,9449.001505971715,365775.7593305573,169741.78124437036,189462.91255451628,492802.2409366056,343040.7997491428,3128.4326281934236,61190.14837068313
665.547587442278,5203.744759035592,135678.60086754718,23055.490653472792,8795.461684346275,9755.056222895892,430.51064790814223,34834.15134771408,665.547587442278,5203.744759035592,135678.60086754718,17550.73799145664,9747.456119889737,11326.560803248258
9770.473534711797,13319.373445736906,16638.394960221234,448661.3658839559,23248.354371423182,2310.732344900132,59834.46511081392,105615.54844031777,54160.4793298393,64796.90048832487,59834.46511081392,384558.8688139895,12316.35443619072,453524.4348374293
23063.450101453855,3392.359106934963,263455.9168549214,39180.38634946349,68701.83340654423,32696.412777318885,3444.3073582922143,233714.0375241028,5468.025411607104,3392.359106934963,24433.703666398964,39180.38634946349,4409.077809438115,156422.91017957506
37859.70335865611,14389.106662507947,102473.55695800575,196666.49933738957,72089.28827852567,144099.7799652739,77375.80378254647,160055.38453141187,42311.35323214621,8006.1700615154805,102473.55695800575,131774.36642552397,13763.78252782105,212637.99985975047
6379.615729858619,17183.83596738915,193128.37675989192,163773.00179262785,18853.438768837044,11910.882816015754,11910.882816015754,201563.47970870294,570.3879905037317,3025.697548355077,98147.86749728544,159295.31557285102,20018.831533386303,213374.61738061163
58405.772602217585,58401.358106775144,136500.86482330924,604084.9900955597,5627.2907315295915,8446.135786504557,48347.66482079955,5663.71108643409,168224.92810694466,157456.25848108204,319222.31398950116,604142.4749196159,47194.965607555605,593302.5097705214
27187.31063431568,21213.88011286932,158219.08005362962,430043.8473833253,34760.48020318769,31462.2769568673,98802.45701897633,175187.57172075936,63685.35419982193,71919.21568401215,379458.16439977865,430043.8473833253,20221.70749744509,362853.6909740715
774.7625950712891,495.9859759399156,11992.035076611008,31884.338671690275,61424.72696726614,31877.11545104256,20701.23531306284,141441.80282261333,774.7625950712891,495.9859759399156,11992.035076611008,14829.676599704182,2992.0459429462107,57138.90364459132
22002.192264677422,2852.9084604412524,145773.1309407075,54713.93612965815,7731.131096767009,930.4761445487705,930.4761445487705,145623.11260034333,647.742050640648,677.0819346645006,89958.8809484211,35635.61920262158,22260.68745547304,73593.97553462519
20348.126378568217,1127.4320591859625,578802.0378629913,382665.6953787498,37834.68923441789,82292.24826377386,4881.288193626743,367530.52398184326,79904.67831164722,129623.04915353621,421586.0205149799,332811.5477976067,5797.060577437588,11710.113442601005
24615.63019337,26721.869652796766,236432.27138247076,352732.7155826086,8569.24861156318,1756.0479387851053,54150.054497953504,224922.02290395412,30070.92078871052,42479.89053629998,279567.9465417693,352732.7155826086,25730.414550430338,291968.02895354683
63417.40373790285,43360.53871649275,154467.92466242248,442812.41635017795,36211.51827301024,65015.438159899575,36452.96786112299,95172.49874398578,18582.366270997714,10619.971876259267,300825.6239467603,442812.41635017795,42371.70221977616,419402.95292075985
11894.10785451903,11894.10785451903,151398.14419160478,44571.016407874755,10241.863735261459,10227.168198981857,13397.9690888931,154628.4386002464,5190.091522783952,2263.5561901276697,90248.62704945047,26317.849703174972,19025.72081156696,63946.72966456626
8437.039351358026,3039.8243882831,3039.8243882831,587730.2304311682,5114.731860324686,8472.348818863093,5157.944484691092,138067.73136850056,163692.3345567979,163908.8971438726,414402.8588217038,587730.2304311682,11774.50134830105,526711.7513237001
84684.91863961409,21560.988372811833,47359.122690207885,252467.84934744763,120654.56146769786,160697.01584242293,146505.39506635102,200426.26049102956,24557.994922555114,1429.4836517382655,47359.122690207885,191780.0840622221,20562.91153203723,270658.5879261788
54045.202226756875,18499.622087073283,360985.96030992625,181374.81096921183,31368.293046998726,50084.79985314912,7877.49169063384,173549.08332608436,30512.70590778638,18499.622087073283,253763.16245010777,129614.14134597873,16500.43356203166,7741.408103585722
4373.70172036977,9342.790971652383,19006.610406224365,59127.47877450087,4373.70172036977,6981.510768403314,4378.912836005754,58325.43373181719,4373.70172036977,6981.510768403314,19006.610406224365,40526.45090802833,13148.700617004892,87021.55058333423
12639.09678139151,2227.117514769005,109241.53340263166,25700.894937579124,57450.90264992946,63789.21086314786,12014.86959495354,74962.3977507648,1621.5120268778903,22.978662229982888,107765.91224162358,3343.8300885184863,11649.480117298277,30074.146627782287
21707.055364009415,21750.311823057196,207429.77792285496,204082.5728943662,16397.05635048944,49134.026376695,16539.870462688334,220025.66801677833,17389.936637869472,15114.728504179813,137154.2708747647,220025.66801677833,51580.29447270481,247305.38592170176
27881.361218666458,7838.554677143242,56282.371707681756,560328.80657017,27881.361218666458,66191.43962418445,47057.246209075354,219818.82399340815,88421.3491649936,115740.88088136158,186534.09580453343,497448.56356448436,6829.197672947573,578939.6344765868
10486.546462337961,7495.231158820306,29410.868624284154,71066.37735222098,52865.72411463996,49246.26035120846,163.2852556946193,84089.07219673826,503.9081054238228,466.02027912064517,19518.06238496207,17225.297301292198,27508.895140575445,27261.001613315624
219.7990392416558,222.13698103183467,113635.54047269344,34478.56524870486,837.4605984519567,4248.778648672906,787.7569494980712,34589.25146112352,6.362516809507482,189.12499405075107,113635.54047269344,34478.56524870486,3714.255052269132,3459.3550516229357
12118.865221713615,1502.6786788257132,8262.643757938062,299032.292380368,56003.64448214667,55023.87577502375,171162.32538950804,204457.04395329847,3861.6945765513105,1502.6786788257132,8262.643757938062,203925.814630539,1283.9286783991943,312263.3121482477
3202.7915026308697,2526.4856474747075,167805.38584106314,99974.56366718636,2041.7552228059876,2608.9202984524627,11600.51531422104,165099.16492756907,2041.7552228059876,2555.994907611094,55978.91970179943,81550.46606625072,2130.1871122761686,136707.13013363912
11477.629978464473,10089.563529512126,234521.71462424906,374441.0908166055,7342.775127960957,7342.775127960957,82016.38354968898,253633.37893026482,80332.04359595319,92612.55517171956,302534.79751952307,374441.0908166055,9087.511165494785,282370.7476364286
69856.27318834462,69832.00813261178,146054.1854508807,621050.5589248388,505.0737431260703,6102.919290649507,55706.72716746042,2469.458963922447,185428.10378417023,174690.82227217645,326314.519667619,617511.1220626155,57414.45774592128,611099.2024350826
6504.533432813705,2314.7992715684877,641057.2014335576,463257.2204006138,65298.93773638486,85816.17173660846,53258.60004584316,421779.11097463826,127668.41434698037,187093.43693625514,488724.7392207198,390335.3543315474,5503.418122576234,19521.868926886145
11571.7340279387,1623.8665609758673,264333.8708831014,339556.3275635938,33402.52237580636,33716.280374619055,47847.19694813941,268088.5140038077,63141.38233116672,68850.37451816388,267673.8890384087,339556.3275635938,623.8289800787093,254769.49360872756
2992.4452184202382,2992.4452184202382,156967.04550999578,102406.2462901389,282.14904909320063,3148.4039605985113,624.3257278616022,154634.8266144847,282.14904909320063,624.3257278616022,66902.4050134255,89021.97289590961,2309.9352112658703,131395.0659196802
24460.966764970955,24450.302931780454,410001.999724153,223589.58898395035,34686.10934278307,57918.14595883347,14718.41127295665,142984.16243900632,34686.10934278307,64920.893690151395,410001.999724153,142984.16243900632,11814.46778756963,78262.32769545961
7834.206088027057,6468.542433681818,18628.57734484996,613025.0517665411,19816.668825517827,25418.380689145026,20717.65770723324,148218.08485571598,193987.76348633374,195930.4349352748,449968.79817959666,613025.0517665411,10655.06185018005,539288.863664985
18852.830340223627,3976.537746117525,8469.329850699452,50568.232271334644,23403.364144519146,3976.537746117525,839.3069321228515,50553.3739070891,6243.407505822,3976.537746117525,8469.329850699452,43610.08354715875,36193.65977428306,95629.36949738086
6939.447796891857,2878.2989953312212,8628.284764541551,16808.94468856348,6939.447796891857,2878.2989953312212,363.8751160030403,16808.94468856348,1710.2986894691237,2878.2989953312212,8628.284764541551,16808.94468856348,26912.047482356425,94994.24185407035
36176.76213977093,1247.6770228499852,232288.59745213776,28113.84046916243,37795.4765468982,34357.77219593907,6914.970667743522,34509.323742595254,693.8552053162134,564.1039352296959,232288.59745213776,833.8431213690359,754.3626055108119,39512.67499211978
24427.204282044135,24427.204282044135,733882.748504021,575579.6472365677,16696.719957810867,109264.09031521257,16722.24053795547,489256.8497927904,282066.23832848895,337942.3549350233,626970.8380146876,474898.32327151904,23570.32426033604,68944.2714487316
64978.809493155575,24301.843999278317,15314.962123307083,320683.6570683211,85417.33482792503,93285.18307703569,81471.58724012278,253746.4320001747,12516.688848127496,24301.843999278317,15314.962123307083,262618.17236140894,14090.826475943393,335637.0066300425
32657.520605376085,15091.46351384353,179928.57956071943,580550.335922474,10745.38647874074,10659.282169494676,3380.1605242632813,10636.688962010083,155093.71543520398,157660.54999308812,215642.70940265406,534426.6346314859,3092.4580197556647,600249.4254383427
20558.22373668984,8797.637499140277,66348.24525401896,518537.3750700027,20558.22373668984,8797.637499140277,68499.22975797352,102203.35866772762,99956.9541532705,115383.46088961646,110731.47568486701,457448.31907691975,7788.615556046306,528379.825782836
20891.832918266722,2900.6421742496523,36300.62229901087,532905.8741065364,20891.832918266722,33522.53253815174,40756.51637834753,192729.12728412225,71333.70711227942,95254.3067845075,151554.06364351965,482418.796102849,1898.2740220301537,550579.7851112884
57804.66505256861,57679.432155165756,364077.6828859012,196655.37984503372,6625.218096974641,81847.1874855649,49232.63821726029,104845.51960401621,6628.043166387346,22396.895612663477,364077.6828859012,104845.51960401621,39886.03735990661,88442.51256909936
31638.744040653783,3003.5439216480568,500123.7001127025,321924.71900628495,9402.311080478086,16000.709760760868,9402.311080478086,288867.859672016,39311.240992847255,82356.8705736311,363613.1185243525,253356.37258831068,16616.99438788952,21433.02530420931
99500.97948894175,76629.56876285592,177076.6100930721,621953.4367532758,400.99946528596263,16401.209964973306,33583.74412151352,1489.348793770046,190021.95158692097,179675.9922428619,303395.912271403,605595.086292904,37594.77622542299,623640.3090107747
11728.643576748544,4834.798977977223,558276.5001440333,369585.4877761652,18372.718837985136,19004.115855383574,52172.688849309496,293703.8800900065,167375.2352118967,171555.80945885662,533442.391099226,293703.8800900065,2903.399560441959,14623.088442711254
52304.443408300845,39430.72118342731,183326.84708322142,437751.1858485512,42600.27548315085,54581.956014996584,14293.907020089533,81033.19087140466,5868.144645775879,1723.532822060081,256745.3674440409,463208.2504308269,79680.17673422406,437461.6759237556
98875.49391480662,91494.81753038391,160585.2291320902,352227.55992447323,39838.57454491498,39838.57454491498,8862.935395016855,172226.9012761527,1254.9627760693963,62818.81026793417,208308.03672760472,364271.7219881278,90881.60912670723,392924.0205164474
15327.838102629721,11218.824393092322,657699.757211816,490545.7387969359,38832.934924529,59412.858651619026,37289.826979682126,406986.63722754637,243365.81011317443,259881.42312039825,577175.4835704666,406986.63722754637,10601.326967535822,89553.58169277296
39571.548237762385,23204.093959425827,318752.1785954569,218697.18503398873,8751.90829109615,31767.322280611486,8695.511340411218,328035.9400833235,583.8526097051732,1398.1820392243565,148961.5445675052,218697.18503398873,22210.489483605186,242346.80532228068
60607.730274967245,43488.183084704004,596249.5153164178,367631.66406357655,496.31208304450746,147910.15216741394,57465.0190259722,411085.3328802305,496.31208304450746,56961.630503437744,391486.1145642915,370312.64079662046,41931.32556531156,17270.275634162223
1317.1757896532863,1317.1757896532863,26470.75416061878,40607.4114121469,10228.044829463806,5133.419975876869,5133.419975876869,40404.5135783648,492.1531589583349,1317.1757896532863,26470.75416061878,40404.5135783648,34980.91875612519,114836.12453848621
4592.4056885403215,121.98280951587968,41394.879208237115,103821.48866547886,18577.623865577996,48265.4265414167,12606.59176784969,72199.39593694765,4592.4056885403215,121.98280951587968,19382.593767972503,39701.058041598175,11046.301193552086,149494.83239981803
13130.884539918388,8434.351104297639,395326.58730908204,210275.97745356406,2564.116326448209,44077.619918137,2534.320645588036,398997.6693183335,2564.116326448209,11959.279862530124,143532.37809711124,210275.97745356406,7434.971623435008,135960.50648953344
22139.89848861168,20897.203624847665,131854.78088044826,73142.53566526005,1179.3540873282843,537.2138753156929,4923.127415398213,126009.49746676683,1193.6415094710428,1179.3540873282843,99444.29979393611,53027.59530649257,20502.391845430717,85069.42359198665
3339.026992186865,17588.908990192493,15106.76678401175,517199.87834971055,3339.026992186865,66126.55516632194,12387.431547494343,225309.17667331037,43469.57278660111,71302.82370486276,157967.13184212733,453116.6395265865,2322.556898663766,535844.4805568932
10417.347265917604,7847.747525913816,10240.92096945385,106454.7195281428,61521.38725459248,51229.36429045666,12574.233625222547,120617.24867032596,10417.347265917604,7847.747525913816,10240.92096945385,55142.639757083714,6865.225065199448,104936.10597099167
38119.86051573233,40706.80184629686,152772.91173675793,473458.0814495013,15641.76453279026,19199.184749848107,29784.583224027338,226100.05749920744,135911.46386294064,143709.55221323256,401277.59205889574,473458.0814495013,37123.6286521242,369285.64546563855
60015.93411149523,56501.10650291447,88640.038637247,374937.66637146194,8234.459937004945,8234.459937004945,14608.12851959278,166067.16770384164,2918.9436870966697,16246.1429624474,130310.49019595346,332198.41292627784,52149.042683377884,393718.3131284526
24510.261695467776,1110.7365916880376,359814.77264142083,107333.1293358995,45884.298528906416,65541.8876781674,45887.39825452011,251228.52058814513,10637.450382583938,1110.7365916880376,129676.49206784747,107333.1293358995,104.58308519338061,99437.95819034685
46450.85262186121,21473.912146111117,664312.1881618401,435128.82375442126,34682.958223227964,163047.50566261564,27184.617121156247,473817.74474786274,34682.958223227964,86506.51751545098,456059.44721424574,434489.14342220174,19347.215503582618,32827.93216724976
20905.436018019787,3853.063701861356,268094.69286961807,29946.975552145268,93713.57627013556,86928.91840570826,51960.10176720844,181942.49439975547,20905.436018019787,3853.063701861356,94125.68890504903,29946.975552145268,4846.383827562969,131651.4197951696
22768.02466260744,20235.00848258043,425550.2348784896,288388.3911264873,21924.40825891678,30244.6586921393,30754.584715645466,197261.03934105934,21924.40825891678,40221.51787657639,368998.2890267675,168444.58133469045,20098.737311922818,1504.2539889370123
15085.581994951131,8206.09359885784,24434.670835397737,130610.01817445354,15085.581994951131,88036.4327956796,18825.232810543595,117773.73626419061,7903.566296780809,8206.09359885784,24434.670835397737,67934.8379233387,4207.86929696887,135462.374283756
774.3096022574392,1334.4127890667075,87501.0999350086,71263.883857908,19467.590476452417,21424.22784436168,15316.640799289475,65539.31160414357,774.3096022574392,1334.4127890667075,87501.0999350086,3413.188527099874,2482.08511178924,17034.223322068294
30680.487505668392,580.3355979377699,77180.56554024573,203505.703907881,67310.7355359662,127161.19272432411,67310.7355359662,128194.72776348775,5944.827073765413,580.3355979377699,77180.56554024573,127795.05254320413,1926.7247986990137,213506.00723180897
40401.88065621304,4514.141237643753,317341.6635877276,135808.09954029662,6730.018912708622,30945.56314320159,12003.043710396956,147805.44595676602,6099.545236282917,4514.141237643753,219553.50769246058,98770.7392450631,2514.2655631260513,13878.28103555623
6911.361711487229,3544.954571328475,134382.89380368148,476641.626462469,11816.559248651001,32383.288131408546,446.24452416923236,81949.01031870385,48969.903969125815,51289.69724348219,193971.02014170753,457485.9280399389,31887.006325603816,507153.20237547724
4339.1133689215485,2337.0904594766184,6072.852850929237,83690.07013663436,4339.1133689215485,3146.895930459134,952.8295514149645,83690.07013663436,1564.1572981340066,2337.0904594766184,6072.852850929237,29321.01171628052,738.9596563364192,67645.76517493934
1382.2752594498927,22.75883698159462,197446.73541054147,40833.03431956971,6434.678153669222,7183.770819110403,2886.771114371391,21403.49667703265,805.5379432639594,22.75883698159462,197446.73541054147,21403.49667703265,387.38023905323405,45264.42605462368
34479.38834560686,25997.50525299293,204169.03902314318,77300.3923547169,14840.438544884999,20769.29060851689,15042.673898392473,201887.36126747663,4717.223629819672,13826.423611639359,21310.87891449027,71514.18614735565,25600.898093826265,142516.0640196315
14054.215897783222,1474.568557646538,282888.7708404574,127533.28666903607,11605.223380950396,2991.290545445565,7240.062244372143,68805.49738124572,11605.223380950396,1474.568557646538,264061.72362024087,26826.34611931308,523.7151366669464,47415.74323203742
22922.000442024342,1010.0598855907341,44219.54657293412,505879.5580174366,22922.000442024342,1010.0598855907341,91072.73713672267,123816.35505810534,77995.1072005624,103179.39729622613,100374.43024377039,448743.0336230362,2010.5629048097946,517521.9976286473
15420.956594921254,15401.324877340701,421723.1387054987,165664.63479760778,48033.03484652808,145221.019989137,13013.168640177746,335953.6474147195,15420.956594921254,15401.324877340701,146753.26874389037,165664.63479760778,15420.956601528054,40200.6008099967
16009.563013739475,4304.848580282889,550788.8269394094,375663.43282809266,38815.75351822547,49040.839934481424,14175.561936069313,332768.9528097855,90508.05743793024,132263.20559587932,413865.6646017809,300240.6652033755,3801.3562693476915,1006.3189406921704
111759.41657671517,51929.17344036654,483123.0320001224,265441.3091145564,25828.02726542403,96170.79138246369,16562.13998851027,302647.8563860347,25828.02726542403,17499.71531942306,301329.29742747894,260014.98964486844,49941.18047190212,17713.419082480174
1868.6933176623095,709.864872962687,45416.56866716939,104903.62858166391,21930.914685897413,43396.276213063786,13094.395249442081,75040.53401375054,1868.6933176623095,709.864872962687,23556.254599261545,41517.33495780259,11024.053296143762,145999.66903877366
13281.591683803668,9294.989182158957,446579.76981328474,286124.82644278265,699.9912842441332,15472.39583032993,11544.825877855745,195530.13763533227,47771.4185407364,52027.593003627386,417207.0114878678,185401.90939261392,10842.53276041074,7331.766559564982
22558.07075575995,12239.384360309763,6261.685132615705,429321.06609318184,21425.083616110147,34135.001571087094,21481.1077428297,146736.8754877139,21411.952904190406,27204.15487761841,21481.1077428297,368234.5268292626,21425.083616110147,439306.96467664756
8644.751276185587,879.8593907051927,54051.30766621363,506060.18632825604,8644.751276185587,879.8593907051927,66012.73796155251,95325.76366730143,97244.73184009342,103907.31271280018,98275.36444438959,444342.2031792214,1880.262045574753,514964.2615107669
6594.500140353877,3778.959534962858,613.375414685989,65387.630460806926,6594.500140353877,3778.959534962858,8716.857613863753,65387.630460806926,5931.614972284779,3778.959534962858,613.375414685989,33753.98784708248,14719.483752760569,84310.72406478135
9387.033428869685,8832.220243437672,105195.77835214467,34114.76784735199,93950.03851433234,83856.23019710633,8307.7095682663,110895.98750644023,379.9833956614183,2949.848684989879,99762.95329538056,10494.51945737082,7988.307425396486,4107.503173718621
7033.103055206576,4349.576824839413,251493.7215228641,61545.3471170707,51900.43354282795,51900.43354282795,24498.227832941167,119473.81725534085,7033.103055206576,4349.576824839413,149477.38933179362,53321.132260364575,5354.689136733593,64615.58623161164
29377.790195788464,6721.837261938882,37860.822720111755,143533.79309044525,29821.497874850524,52647.40208682573,5649.197182150439,91326.90821178297,9255.663815856615,5628.124409289212,37860.822720111755,51283.887934357306,2721.518702243164,140483.03144649186
9061.717803383648,5775.943596477863,246993.83025670773,103881.19099123782,348.0678255913565,9061.717803383648,17579.854207512784,23806.835506008945,348.0678255913565,1449.1568746163634,245381.63594101183,6479.55913052666,4784.423683282859,18519.030055836483
52055.906904774805,57541.83976563851,51769.6222628379,375216.04086205555,40492.78261066436,63924.50498993431,34118.491848264915,214702.00522072328,9112.669534389091,17347.930903455577,51769.6222628379,316514.36187282554,40492.78261066436,390286.8771892318
75608.5695716633,40041.44361263447,222223.4112011878,611871.9838897765,9775.800554147609,16869.90402601115,7948.113350331247,10910.435100655524,184111.88210337737,184316.75214980447,260535.53109393013,576313.1916474317,10332.722150906638,632257.0762097649
5883.749097922331,1921.068710788437,96591.9812508854,15575.079875265552,37380.027558212976,47141.21314453915,15825.595368382938,51482.46525136291,1253.3695346961754,129.56659240754146,96591.9812508854,381.77713695895164,10277.732954288087,28413.57408306868
38949.68872120758,36458.7410041402,173182.89937114253,436794.0409810564,21337.2925641428,12288.260037506263,54125.64841378417,219611.61296479526,104269.41984228406,112893.62768818831,364452.7968195511,436794.0409810564,35465.05666815729,343757.92111505254
36426.8266027843,39504.7834084048,57180.4301998388,127637.14385315793,4173.826579905584,65844.89470757627,39429.73605459548,82064.48025048111,4173.826579905584,8042.985461356194,57180.4301998388,68692.29092770063,44540.85593786404,146005.1881122838
26485.059528638667,730.4337886442,302763.10109841626,350107.8533439366,41490.38979615169,41188.58881127264,49798.970581774876,330911.0483011229,108690.77936813244,108690.77936813244,282415.5502479522,350107.8533439366,16778.689463188504,215273.67254099876
20038.32195026615,1407.7308751024873,237675.40971257436,43760.792898179316,19456.823964946438,1407.7308751024873,13994.557952585947,13095.32152800359,4590.969011236328,1407.7308751024873,237675.40971257436,1886.1715257635392,1558.499130342079,35171.5823586609
40679.07605216954,37854.05930897988,506951.9086798935,301220.5368814256,34629.20163453867,58977.885864960845,78461.04443934573,235390.821085944,127410.77832823028,155703.9873212991,506951.9086798935,235390.821085944,37745.16676531667,69403.21799256846
13061.910668765171,2261.7566856504363,599753.7336145184,420822.33545082726,62538.35985284834,86391.50876793773,23518.05720569005,384314.7134387996,103318.491383143,152793.83372441394,446571.70969486044,351182.3353146537,1818.5779423720185,13891.013042364204
66895.57235596796,48118.155263112465,279910.0871862432,245736.12925041662,11778.521201581761,32599.42731485745,20122.9916753064,277850.57838225743,339.5194831151231,16453.636438916954,176577.54739286727,245736.12925041662,47120.61724730524,262883.4095120639
262.65095170806734,161.02701455968443,136924.91753376613,20434.84789480048,262.65095170806734,161.02701455968443,689.8555018009945,20351.90206986572,262.65095170806734,161.02701455968443,136924.91753376613,17363.996220676203,689.8555018009945,79691.00318823413
86736.45647945273,86736.45647945273,264218.12993795256,282843.4325354341,27577.93323439977,39682.60403895815,16500.416601527133,242379.7832204329,4069.283295088579,38568.43035970439,213530.15729775134,282843.4325354341,85737.22327250813,286923.34134698374
3510.480194014309,3361.0298737147823,28694.11084731535,57320.80230362671,18804.884577157667,3032.81426490641,14954.653750667198,44595.180536754655,3023.3149706680156,3361.0298737147823,28694.11084731535,34956.994978004725,4617.943163358481,28900.358003031608
1446.8176776359658,86.05081747767092,179407.84363543583,44341.28781779302,5175.048196222409,1060.1232450127688,582.3861474057899,23338.214342786992,1446.8176776359658,86.05081747767092,179407.84363543583,22124.887061543348,2719.3938945616433,66292.43107517734
66039.4947010905,43150.8866622093,519472.2131019406,315244.0507121849,23748.791207379993,60326.62166560052,43538.50599846185,321008.2856750572,25815.168323870017,71079.34676551125,354158.29055440886,282149.18877091544,38810.40650911108,50357.94300410198
3832.9201356527783,756.2833352426969,379766.1722449502,218510.1345182872,46.24286095616003,10166.263337617931,18191.606911299128,385343.6485934393,46.24286095616003,756.2833352426969,147641.46733293132,218510.1345182872,1002.4539610687838,169785.18969164442
60930.47281396512,17819.95338085988,178063.29822176148,552084.934315539,16443.976484467315,15769.157942264674,10915.477820510609,15461.44349503501,124554.8726218851,126553.40316603254,229448.5465252359,525943.8262343353,10915.477820510609,573603.8987864407
89170.96731127935,924.2684793772984,38259.92173444057,260579.40871057386,130501.71832736576,138694.31730985225,124705.0511974339,204648.6294612554,16263.181024720616,924.2684793772984,38259.92173444057,202309.77529996756,1924.0702782294245,276856.9837667125
49831.12612566706,15413.082334721834,50892.15907602084,247095.50250729691,105581.27404795638,96677.47538801568,108674.14565096996,132321.17005012408,14042.495841234337,6096.1803685099185,50892.15907602084,131813.21691711515,14899.623417103949,256408.20754748455
95437.13636212182,5050.191253522006,92411.5984751714,509349.26324545644,46554.27197957793,48147.43503665403,81790.58334562575,177877.98124474214,123650.93241220899,123650.93241220899,426034.51018793683,509349.26324545644,4050.0676262596235,425356.4978192282
25247.27464461674,24000.398116761076,244624.09164734016,168576.7759891089,7039.359650946498,17761.214715988306,18400.135201796114,252628.56500460976,4484.355422674681,4593.685964521095,100804.86842006166,167987.7877871615,38015.99080044828,255561.53487571242
11764.546888422197,5633.438159149397,67383.97921532666,468966.3602638224,11764.546888422197,5633.438159149397,34962.93122179876,71533.44627305977,58539.00389864041,60142.13236950783,125675.02616735808,415382.63098273426,4639.986706511459,480536.7061024327
8998.463797019425,82.52755676004212,6882.371846467603,4645.08723080646,115582.70616039724,95113.48258976157,78842.55081625555,191652.94659021223,1818.461281967437,82.52755676004212,6882.371846467603,2553.33440269867,2241.851794328958,148235.94011157987
20751.342273445516,13351.532428739236,803101.0176790542,629535.4437749782,58506.83426096524,76280.56106624621,57151.39632844435,577727.835913241,253939.40444993338,307970.35616622394,651375.7742339371,548284.689170153,28870.65609007244,30230.7983708661
19075.857004679932,4757.9655242170575,636706.2181469125,436024.44659443496,89944.75633879846,104847.85965956497,22297.797833556793,424045.53825303086,99479.6997058706,158502.8871006174,471060.9849331448,390194.949485124,8369.003406183587,45367.4548280791
100249.09217008355,92828.10107969308,160305.42148473352,349858.4541962982,39553.25991519157,39553.25991519157,7510.229301942136,174995.79154093386,1633.4142894686352,65542.98209042623,207464.35297399643,361421.0969674041,92228.87908372546,391922.292738115
46331.81142996073,17805.677726282636,369029.4741070268,122193.6577987282,22978.465129470722,46515.26003216469,22963.191890514347,247149.7710503777,13042.70322306688,17805.677726282636,151408.67187359248,122193.6577987282,16806.216829622535,89049.83085320375
5152.772301257801,1542.4235887006187,680770.9249591145,510608.4013882324,5152.772301257801,61812.03529663317,38642.24019348656,452315.4926177104,198354.7311432979,268235.47550740244,550958.6030944696,427743.3689880361,2271.7764560033193,1700.6082273441016
9249.565026604178,3800.6663331373907,32262.2890066188,60600.90302516796,9249.565026604178,3800.6663331373907,16496.53698999438,28304.07443079156,149.44912538730114,3968.149236611049,32262.2890066188,28303.97517417136,3269.41583624829,45330.93113507297
15347.108677729633,5291.333387788157,612406.0561177711,417328.36735342623,72605.53362060947,94105.71047459329,25257.340110567664,397682.6113994305,101310.89955169336,157347.43386306104,455296.99938738416,364380.9620986258,12536.640903370153,20603.949155920316
5641.270763254029,1551.4011892730468,32465.55885498286,60729.24052078352,10004.741677183147,1644.6666235545697,16260.173744462229,37306.81184295766,4934.642397948807,1551.4011892730468,32465.55885498286,37306.80172449209,2771.6198039592605,37899.66719752133
32904.61927453442,32906.664995200576,347126.028772828,254812.12369751182,5184.464702247604,5184.464702247604,2162.5603388191184,328271.8555221574,5184.464702247604,5184.464702247604,183955.4955848097,254812.12369751182,34147.92477486855,185192.65565924442
33280.521209594386,32116.438423899257,55537.160920567876,563903.5733320895,6593.6537194154025,18630.976162867144,17027.367592922572,85973.12496555707,135834.36225059233,133227.13635802257,362579.01362286316,563903.5733320895,64138.254326931834,523270.1127690339
7641.077334839415,2304.1383625455924,52763.053501010945,100882.69255040352,7641.077334839415,2304.1383625455924,19295.348258052396,46370.05054296891,1539.6431185243569,2304.1383625455924,52763.053501010945,46370.05054296891,698.5701151578946,81188.147781816
59524.517703781574,39937.29410953686,37825.31373953766,366206.3363203352,56966.684483779456,81434.14359406012,51181.66366335832,232153.07925502883,709.9170378439683,4636.945024118081,37825.31373953766,306301.3206753687,36751.35343725244,383122.39956038026
95933.04129722794,24361.633114973152,557599.5294264026,306205.06600373326,59347.67374735126,195440.29472846058,39513.12148205508,407992.6343842363,59347.67374735126,4658.796963881322,315933.3212801438,306205.06600373326,22344.3064579909,38467.46998194229
38443.393628975435,7442.514529252166,564097.4702516174,363389.0325141389,17927.90948406892,75324.88562989424,14600.871364381255,357531.8860776105,60914.19031970049,109470.3081454602,401306.62881848187,321247.39449089626,4563.645567488211,28336.67779275597
41070.20612390469,41081.240043862344,350014.26429295645,259297.95014445254,18496.72808751074,18619.393092998253,11329.184653928995,336704.2054875351,18496.72808751074,18619.393092998253,189513.94896318382,259297.95014445254,43102.99156115135,176581.71804327914
23093.53604019155,23093.53604019155,232689.92527727815,144702.5463091439,552.1912521480593,4302.545716605037,4963.089251487861,238608.8539098432,574.1838230670453,386.35531935932914,76582.1624161418,143598.56783693726,16492.495157865433,221101.93008615973
60605.927699802145,44673.13089529268,175032.49045269343,557471.756499478,1169.7848309136682,28894.9641816212,3202.931069250541,19774.919124782842,128590.7374918918,118791.55495962274,258137.51266425388,544447.7725519607,3202.931069250541,566295.1251412976
54866.565591823935,54115.560562386025,49218.13680174655,419471.3089400663,18120.385151821833,22726.847745430023,44174.205869113925,284221.0505978183,2140.891272995764,6877.242046905544,49218.13680174655,342346.49516674824,48234.09467761548,436339.141977054
13070.323468157882,13708.69661117555,84351.55264110361,146861.73859387773,22552.237507507027,34355.75531809061,20041.23532333624,88098.02908980483,973.1372335296338,12654.78435130926,84351.55264110361,88098.02908980483,17500.81899287451,123838.20022152673
24022.407262857007,24604.06483310728,22057.12910185455,87874.2588009636,32802.81194400879,32802.48831805782,35403.15701059857,47366.04193666034,1554.354932349451,7772.305018599579,20533.18102439505,35532.2289961043,19035.35948667939,105985.14961870763
11659.17110995933,5944.190761942123,192079.56911892287,35067.54463506721,9699.60039630143,1269.320926942762,1552.733530481149,19510.3424821934,2757.6689379309387,76.36565970474108,192079.56911892287,15815.485662495528,3964.8423731471316,55806.70643917656
23934.479498327826,2333.9298999976336,233534.54453332818,33673.615925840866,10596.333909121915,2333.9298999976336,11184.787163666288,4308.297349617474,10682.207909631505,2333.9298999976336,233534.54453332818,4308.297349617474,2485.8436062512883,45428.67032428963
29675.930940456667,2199.0727152542877,26200.428631956634,510974.7458048181,37481.37465974856,17821.418407677054,48876.85902060473,172286.96139600672,59854.30546556827,86274.69476740122,122680.0680457656,450878.71375127067,1186.5078432887842,527035.9801830386
14013.047611478545,11317.580669819828,623616.3670363792,406094.1425410251,47904.285564222635,145488.20805964983,32678.42267325125,425170.7657317822,47044.414303654376,104122.41412521532,434473.9689299903,387263.43106446415,9288.710311780838,58999.95180807268
5167.554162702821,4369.895017705247,351132.16550704936,94459.18092534608,91659.52520248799,110504.74885391489,34595.87115157181,271073.99334553455,488.8435904094889,4369.895017705247,90976.06770020818,94459.18092534608,3374.839077764396,111530.00891825512
55440.72573637297,28023.50396580097,67914.90903286992,318023.51194156153,43916.262018479196,51957.0856513031,37609.96457460372,231536.34645308348,3732.866009142871,13841.918663450471,67914.90903286992,253924.1461780296,27036.369869927556,323395.6146578146
16433.557578012304,5022.801327943866,43050.86467960904,32125.13644432337,54277.50933917751,42657.39494695207,4326.0580187301,84839.79440788485,570.907948330946,1511.942478375193,35208.31850655636,203.6634630009776,13370.003343302313,4622.461664362235
65210.4003461534,29678.50195509773,76030.39302508155,222127.64763493292,93796.73574701366,145409.99325522635,104164.92853544641,181139.24212247902,49993.04550757848,10955.211363442746,76030.39302508155,157756.92514768068,33197.2607410784,238927.17680359946
11050.464273852196,8423.677699462154,86105.60966080705,16878.92886896922,6787.749013368687,4598.416235092616,4321.504817697988,63030.69408064812,1482.3721106209518,1483.5470896201716,86105.60966080705,2405.0062497384856,15030.372593928903,43581.53589454662
36996.7906778649,5375.230059288818,452613.7132590605,195699.2488505048,57427.71708694168,140740.4909891131,37415.17432436234,347973.02288550936,4882.505519008798,5375.230059288818,187603.4031639939,195699.2488505048,3364.4793639794702,14173.404992542126
4697.349895789299,7482.779573823277,428918.7081416381,203021.21143909555,4697.349895789299,107091.60550639268,44506.3607608242,393906.8487374711,4697.349895789299,11089.15568066011,153274.7348110566,203021.21143909555,5702.191840903373,64632.84126872975
9114.125158922594,10354.614468541415,9525.633711177508,74979.62271991758,64731.41739340713,63284.426740284005,7939.696616165351,89297.14791179616,1728.7361307319163,10.621832412496177,9525.633711177508,16773.087671859805,8124.213244782236,10600.660027137652
8146.952866982128,3540.381974847655,33397.75022484027,61751.24148435708,8146.952866982128,3540.381974847655,15348.7054682421,28897.642486872224,52.47253324751827,2844.641915658654,33397.75022484027,28897.510910481684,4074.111404258615,45886.14228685844
6443.289306058854,7402.928421524621,69049.8894347814,136897.85723040788,7253.224594656044,22314.867959902087,7253.226242399953,74977.59120119385,2824.2686128050004,7402.928421524621,69049.8894347814,74977.59120119385,10795.593969677242,118510.31838460834
90460.69119305855,43190.68655476769,582912.0690528332,330716.31078372966,46564.576262443254,229625.41620389847,53790.065835401525,444472.49462304404,46564.576262443254,6718.990387759317,332478.42649670556,330716.31078372966,41187.97656179523,55867.686597559514
13330.109810035343,14637.073947326287,313457.30205876095,305727.578705058,35820.96918693077,31268.35947845393,9167.481269527438,316732.7300425135,56767.3346796289,56767.3346796289,235929.66272300162,305727.578705058,12342.076837897986,204333.83635737794
15296.109548840086,17406.598863531057,5292.350018948326,294066.5803711877,108841.85868827422,36606.06732727927,153411.8260075581,117824.80222461568,7571.10118035467,12901.501546081234,5292.350018948326,117264.18738198181,7334.459763541623,299528.308957538
31954.376949447655,28327.896765995494,28202.82893129176,559705.1994929621,9091.70349567295,4808.2582509205495,27669.369523378195,124198.57415180565,136283.66139098245,137381.71643845676,397822.3564013708,559705.1994929621,33763.87938645467,500885.5685074133
99163.94990553478,99163.94990553478,246624.25450491285,295094.1558946116,41450.17710312973,63231.478694602534,7613.568346561563,226683.85816825426,1897.270500262431,42932.188449878515,227101.28435197397,295094.1558946116,98167.51391221356,305553.36750033963
28679.95366081401,28383.879976877633,28679.95366081401,595121.3393250491,17705.48855542889,2672.9402321861535,8234.764630960553,182629.22578329462,184280.8366345322,184280.8366345322,456891.74672668613,595121.3393250491,28557.655534077327,512772.0631809363
14738.972224012146,284.27687571521085,170622.42674837,32056.433855617568,3304.218541027025,1322.1284003265841,3203.971725430838,32884.83109711913,3304.218541027025,284.27687571521085,170622.42674837,27231.098733562576,262.5141605265006,102525.79021277178
80789.62176776574,48287.50805127929,527177.5732519033,295431.4256555899,82216.49968145623,114903.60830570685,61993.45558120197,477708.78041440796,70332.8219143699,75264.22665201682,251231.2701335934,295431.4256555899,47301.41586348732,64191.78477593874
12706.652436273029,7370.150073680165,557047.0148670248,389971.8841922378,3885.2152443374293,11805.365309006613,4351.583349457835,304948.1651068541,153628.4891953799,159551.3541300574,499773.7882056056,304948.1651068541,3127.47606099796,39081.29259858675
62640.27975315811,24055.077086213874,323018.7820232542,186720.04867329798,49458.51620650059,28924.15293697017,42450.686891414014,84216.38147550133,49458.51620650059,8416.051031694731,321228.31710999686,62489.71008263695,22054.89279554097,86966.86645289868
36273.3585619616,976.5959497891528,465785.7109005748,241362.21364556544,42983.08239560996,96683.52435248066,66219.35943448934,430524.4000867249,42983.08239560996,49540.924350279856,191760.8781467588,241362.21364556544,2760.086819879468,65572.0660336555
52972.71631746076,52131.458562304186,395554.6458340031,238241.57959934237,10646.10068423621,61951.071844542326,62556.45909855331,166163.05961557454,10646.10068423621,34665.354374352406,337684.42006633716,137953.40272003296,52522.41476016868,31721.73357271881
3915.866428755224,1087.3170494352344,80712.26290444705,9188.106252881787,6154.4451350542995,7546.913251506714,7360.359683753456,42039.26250797834,218.2037231308047,1087.3170494352344,80712.26290444705,6792.777253074946,484.969048604676,66620.83244571368
64506.64364397191,27920.286364010244,359276.0495179436,117656.09286777872,15192.162369930347,25544.434830921295,14822.730590521647,225104.10149945907,15192.162369930347,14795.4840495902,158027.36750295642,117656.09286777872,25934.185484835198,106093.6038593362
24546.8940810687,25649.966139566324,24546.8940810687,113966.05055612832,18533.291925238467,25649.966139566324,26071.427713523146,48076.77394551821,5868.274335925192,5994.620537310002,24546.8940810687,48076.77394551821,24655.64363312243,118936.38470582433
31267.29228397568,5418.776587063057,281347.2836575221,42443.571470021125,56966.326410067486,35789.578415910684,30537.622084113686,34964.84095964206,30900.59825135364,4599.66924431893,281347.2836575221,34964.84095964206,7159.678588177185,8622.414098703084
8556.413087902516,2370.463343106803,682249.6072922867,510148.0831149392,8850.394782598009,49880.60487809523,56604.932613237885,458759.1656579006,183687.02606961032,243177.7658601429,543890.6801637902,427215.29314220994,4760.577332160938,11143.696867654233
32942.178705343176,2255.284460008065,44444.83807028908,510924.1862309179,32942.178705343176,2255.284460008065,89535.25781076527,131379.7330727189,78259.41758530904,115296.11775455497,107238.13168531063,453213.01975808264,1244.0673605169584,523337.4396270506
131955.61736179003,42021.12392402265,519718.29343380313,289492.9734875151,34430.33671883618,123798.57980254009,4488.272869474859,346005.50711148785,34430.33671883618,13049.630296567055,316585.4069705667,302871.6233400816,40023.964491870815,21008.684581036323
2510.338940756407,371.2408697602379,708206.942665382,567102.5968804745,31902.002105233,57531.832645678034,49057.44205335375,475762.305678636,224539.17958476662,296339.05317171814,581065.8194756852,453604.7382652746,708.0251917459433,10633.657634223126
9979.215933046853,3200.2744465237824,156233.4220731408,52211.0441896002,2591.7283527729032,1556.8283896590615,1914.7075538831275,49990.57098818693,2591.7283527729032,1556.8283896590615,156233.4220731408,48643.781408862225,5552.026483779779,60655.41518438622
67875.49609607024,7257.884641715994,460850.9856658264,209613.93270267005,15886.280077804113,114889.63278559633,1245.009993092655,331192.7242320388,15886.280077804113,7257.884641715994,219887.67396169523,209613.93270267005,9275.829004464447,515.7273308984844
1314.2282171239144,3159.416985084251,121402.60081982643,168057.67361609958,17682.946280870023,39297.199119139514,11578.432574706161,130756.17310061111,1314.2282171239144,3159.416985084251,121402.60081982643,130756.17310061111,17830.91666289145,162680.05508608394
16410.28123879256,710.2211359722583,4376.190695867245,65373.06981740838,72507.32540596549,64174.71472194675,6294.738371158824,92749.72360805585,16410.28123879256,710.2211359722583,4376.190695867245,36836.6584305924,306.31739087618456,62037.85826594055
98355.18755347581,94518.35459868393,613239.5574637555,370556.6243880524,33221.354485831725,195059.06464985607,22146.09764297743,443202.2347864925,29739.607793337484,15634.613154173732,384781.2592580454,370556.6243880524,92533.24325377564,22063.01241261397
9029.516365462536,8878.983924310454,15395.909231417843,109768.03275128955,31079.68000494924,79720.29681889495,26743.85844533933,104143.09285088147,2558.100761939941,8878.983924310454,15395.909231417843,45516.58710347593,7841.0360715818215,117327.42571030231
12548.80107671178,2402.406897807074,61937.11326007483,22026.263311678948,20568.469052944514,23038.71863129483,15411.837044566042,35326.83858374359,956.159582989191,2402.406897807074,69153.57898573224,22026.263311678948,16248.624147027087,13429.226702849573
111359.8816254839,52782.80269049313,493989.3827799898,275280.6853377627,20552.83503888314,95703.14920804523,19025.67361385473,312520.962437344,20552.83503888314,26573.39736508384,309911.66518530727,270166.2861245739,50778.545870323156,26059.569543680424
3546.361375686812,448.2522834314263,178233.23947827768,27266.673517437717,1704.761050291367,448.2522834314263,924.0483680783894,21403.42571991736,656.8348856435986,448.2522834314263,178233.23947827768,21403.42571991736,924.0483680783894,84625.59727714228
29654.980589289105,4319.3560675535755,20650.068655339976,130866.8005978187,29650.95203287895,68894.19232755766,28372.28526196306,107566.95647116573,2156.5042933926516,4319.3560675535755,20650.068655339976,72728.3631304501,321.28005234433033,132032.6539982375
39625.13181413167,37254.516161039275,248262.8722060235,121354.18901985581,4695.771609486949,4700.276297213812,17176.6632251078,251515.4878786662,2353.6758506003625,218.8092322446401,55738.5669631694,121354.18901985581,35915.37561596962,211347.83158838563
7838.160933702353,6187.100392749585,22732.107767614354,50831.52320931307,21440.825980129008,10947.491656864591,8236.353156767445,49960.23851954574,7148.575365921344,6187.100392749585,22732.107767614354,25115.569582047763,10043.770391065455,18069.1198346172
5476.147140099889,1343.057941011742,24133.92313597099,66593.1850118578,5476.147140099889,1343.057941011742,3858.7456694237803,66650.34603116538,2632.9288571666243,1343.057941011742,24133.92313597099,22304.21021312656,16192.23052059558,100645.80863224229
44105.387660978195,31868.301947288714,156325.09370759354,437673.65008414525,42594.88703134307,37845.41397028747,81787.10517376817,187389.59337983094,79535.74082245352,88947.76885539276,396448.658523461,437673.65008414525,30879.01805240569,361351.3563497966
14645.97495246828,8773.702692404155,50080.22094372142,119133.03470859352,29861.97935115113,45933.321711027835,1979.144761746488,85922.61503070187,8570.093900870123,5713.420027000794,45433.93064861507,45117.44829207452,7786.182751711503,134951.0164926989
50473.38671802607,4083.868521760694,15880.23484626624,291849.035250534,127768.60852806793,141943.12358055337,123835.20706173276,239267.02715323886,8625.691440867602,1827.5555358799716,15880.23484626624,230927.36611900124,3385.221374717741,310027.22751697514
52082.392821992034,153.0186758862174,299479.3341364928,57157.267649172194,70196.70340763811,28853.109562758862,36758.0341281941,24818.41667228237,50972.267723748235,153.0186758862174,299479.3341364928,24818.41667228237,15098.77436617561,10410.633505982447
52447.92913510598,29048.671469623634,384991.5394359253,293987.0120692695,50851.107674726394,29048.671469623634,6728.5739381066405,400151.6904253453,90916.9856840869,95514.81401953154,233795.11993735403,293987.0120692695,28051.672422871903,132105.41379746023
4881.001917548525,524.3039501063872,42304.483543420145,54682.450854481176,8310.283194376374,10769.402747683296,7837.252723927908,55586.43403368294,4881.001917548525,524.3039501063872,42304.483543420145,27504.493181681857,18584.54263155537,64022.302562019926
76195.08051247797,82021.21100872746,232174.26485228268,322332.2219364942,40881.0620801786,69885.81257198587,16432.556793481323,198919.4619233886,2638.759592212493,37502.803539185625,278477.5369348998,322332.2219364942,75201.80382972801,329243.4352765782
88769.66317174058,73637.77013901892,249504.29046966546,255035.38408603874,41241.48781950787,60998.322043883185,41756.07158978407,263404.4802993478,1528.42904896798,28900.745526871055,189469.53783692993,255035.38408603874,72644.31443330026,292115.50924532197
122880.61472845654,39604.84311998424,552880.9424160465,309429.332455885,59560.41704520218,169682.71774215196,13760.890966864363,390835.91439679207,59560.41704520218,5220.47828282957,325998.124615257,309429.332455885,37627.097427904075,13380.858621972418
5261.626550676068,5285.792368129026,135316.3813344704,5261.626550676068,47443.26627790574,45930.28135100856,13465.916187279247,43038.95308174669,588.6682001316497,44.77168643545642,135316.3813344704,4904.891085215464,20035.028410273,2288.581011856479
8905.20540999923,7320.921941593395,159722.97388071567,84556.39200490003,2933.93863952742,1667.6370226255071,4085.8178910556617,154285.92704481696,2933.93863952742,258.1365717331561,66807.34316154249,70323.75302094746,6927.997494361669,117596.70323600914
45877.27259109033,52149.05463994935,249004.53947668386,343854.2143384323,13030.794653826699,57302.85097302933,44084.10998603966,185668.7301502802,1238.4119389497744,9567.881025901446,298656.51852684113,343854.2143384323,44885.438178582386,331405.66561793507
6339.832117315841,5729.758634532915,200622.1498898917,20649.99073943289,65961.19288656375,65931.91547249921,7870.17106344981,123395.88064474973,6339.832117315841,5729.758634532915,111001.25018090969,7496.458308948709,14236.200892031733,53796.46798082033
5240.056780410621,1155.1440487470284,21012.87556874054,91059.5076044069,19423.770089094185,1155.1440487470284,315.8313580383595,91059.5076044069,3129.224254737311,382.88343349751426,21012.87556874054,3711.896312283299,18100.290429185323,97428.11552178525
43384.94847479967,37112.92928825933,130959.07554030578,413877.78701308725,1225.0219714110076,782.8746629752333,4570.11845083068,121736.06694715998,694.1196842915053,8856.717818043373,188037.38244016177,406433.0188221793,36561.500004738795,450551.7750184726
29458.753965521013,19500.445667337484,405336.43396350066,233234.36307394409,35539.97534864549,48436.84164936284,7814.707529059224,145911.48359932186,35539.97534864549,49059.90405908314,405336.43396350066,145911.48359932186,1243.607518355475,59102.194923771465
12939.59533279335,8850.52418052678,456904.8451539251,323615.17229366844,8284.742682751104,25406.231393391343,11835.10425588439,225141.85920367404,40448.01342866908,56181.631300707355,380537.1752296798,202124.04961066894,5133.152098636334,12345.955533315253
8182.990900994499,4755.448787919034,13440.312860308286,80434.50020487416,54968.73180803552,58006.52934627692,11101.21832422017,93627.65248856012,399.8119770204725,1414.4158815590006,10763.096686891362,4774.8339203346795,12454.080427590117,31246.695002573302
13176.952782789413,13104.339719486685,426865.6407451606,238260.2239926248,47819.73992007187,47819.73992007187,4522.534152257203,159446.66086026386,50138.34080474422,81220.33535490964,426865.6407451606,159446.66086026386,1694.7457969104394,69614.91134602136
3557.1246491891625,1246.8739801294432,38014.13460834161,4260.600442024446,47946.028210694865,20604.841272125934,11520.570610691724,136292.25792491605,2836.9410679891107,1246.8739801294432,38014.13460834161,3247.7203760140783,3334.2737809311498,61158.83367559518
16015.061953651173,16015.061953651173,227548.19260417006,133061.69184749245,9799.727474560783,8259.156244687192,7404.052158394373,232335.54997360017,45.281138656178584,8221.966062598869,64827.423341656766,131632.60010441497,12211.38928529944,209134.4268192381
101079.54834838228,66035.61284576268,553284.0529042765,322930.7608339251,20708.248493390394,131494.97785273133,24824.731394689017,374939.8619301118,20708.248493390394,33017.94359512311,347934.33682661405,332738.2467075285,64533.70507354213,14522.273070349254
24617.637587021578,5999.719006328034,21891.961974244427,285382.6973470857,69259.71114268333,68296.63842183996,158458.63907866398,197776.63740728,7221.068287615099,1892.630483662891,21891.961974244427,197257.3564983985,4025.7083733449094,298772.6589016753
25419.884537896643,6926.490320351042,157606.92189996166,57881.690978267536,1068.2542741983077,706.87811734545,11830.636054273658,156639.39569638143,1068.2542741983077,706.87811734545,78878.49365243538,38384.68947097984,18867.44717602763,77349.48439663996
36508.14119877039,24321.418074537694,7718.77987760228,467639.27529972774,14582.881852962539,8671.713153142853,52565.00504030946,146050.89959200023,42690.22431240383,67169.53287251786,66668.70894957961,409940.98181217274,23332.027081971824,480358.98822895717
64337.03221023344,66744.65544752707,205528.26322051915,373447.8766495573,49829.70359397069,79273.8856185436,49125.92527908712,145824.5481082224,423.3806402951289,33875.27641900138,258429.76485841404,373447.8766495573,64645.12870111872,379035.9476164826
90077.25713966324,44218.4521519094,89990.20566426833,541336.1642093962,48493.17311826098,48555.407201621565,62174.108698169846,206601.61238592718,162632.19628342133,162632.19628342133,462780.0972902086,541336.1642093962,43224.46587523316,441998.2644955806
9170.676541158853,9170.676541158853,182239.9447236055,29968.41373207779,22049.7504244171,21735.25628840781,6020.777858687474,164091.1469127759,1551.9872546292736,1954.193316883444,72136.04422392497,17444.85598997784,27189.01586822043,72200.42510061256
11136.319879729652,289.97275609165405,512496.5649067215,372772.19994991866,1757.9629136795377,42852.21986008745,955.0270503285053,278481.3536448388,92213.56685322853,120561.14249204982,430996.7905691503,255311.54001331315,955.0270503285053,59396.17029798853
57516.29329621987,46418.79374995811,146867.57643974354,460861.71121918404,26164.11301828185,26178.077983422132,54800.73148195922,203464.93987291798,110290.03157086707,116867.26899744004,424724.53650433384,460861.71121918404,45420.36002637123,370245.44653252716
9061.810985141761,5152.1812032905855,26308.965348829923,39852.1448156547,50964.97088762356,53351.169165668354,5647.188595692844,50240.549665808736,2475.8857861268525,2541.1868102976364,26308.965348829923,659.6731596757259,10859.501850144572,29235.34717946153
77767.24662645868,26609.123465653185,392921.5979675213,218808.07571366362,45393.35127887444,89480.43682591266,46019.133502932484,187463.60964067662,45393.35127887444,5909.54872133312,292041.3239435243,148202.5580932421,24594.01519405921,19758.598950576317
3745.8236862021954,5052.748932918509,67993.47450730206,8130.279350514116,46938.408438873696,48073.54956153235,14962.399488709701,114376.25095643564,3745.8236862021954,5052.748932918509,67993.47450730206,8130.279350514116,9348.654646091609,71277.0483468785
999.5965259071313,999.5780527341291,410574.9321334493,180471.29611015835,17096.54294976807,99315.31582692331,50464.53725805536,371209.09055659943,999.5965259071313,999.5780527341291,132886.59896830635,180471.29611015835,0.43837712050833955,68094.06441248592
3709.5278513682047,4871.904017055568,37140.55209431699,98532.41703784718,26557.371697209277,53479.889206038744,28739.904269228733,67619.74755869963,3709.5278513682047,4871.904017055568,29797.551068570545,36133.28865368757,28814.43001727725,116502.8683272453
235.14363628380033,6917.393242907619,226978.2636269099,8982.333179383968,73113.1035205441,73004.18704952269,13746.25590549852,157641.9425918561,235.14363628380033,6917.393242907619,86482.63224476443,8982.333179383968,11338.564600030546,92248.35255358985
88073.14924825977,2715.9239075011014,450685.0237675829,203121.53096186937,19638.042533050168,98187.90918147394,17242.083086570292,314677.1597239646,19638.042533050168,2715.9239075011014,220091.52357117375,203121.53096186937,4717.025427244301,12030.21692200161
3489.1604133920023,2489.12845251657,83625.8650292703,56759.16728231141,8654.8629956962,11230.455288854759,21834.120484426563,34260.60415390071,3457.0347460656485,2489.12845251657,83625.8650292703,25433.773592637073,8437.798664777465,40911.72461357574
7247.882295617129,13069.77503204352,281365.6942241972,36178.0672784285,87090.76099484558,55444.437133043175,20046.96449526716,234206.4709747479,1835.086853983311,13069.77503204352,39769.44244525217,36178.0672784285,16758.404045370426,165526.47921537203
3182.122051770828,9024.0304263898,48930.67175277382,137840.46048804684,20383.10892269113,101103.08168995824,7214.940086051302,121377.68577921811,3182.122051770828,9024.0304263898,48930.67175277382,75587.87010386895,10905.872936532993,148338.64785821724
4625.864877828915,2976.0448964360276,569907.8706439374,387390.63975744735,28591.79666045169,18828.816519081098,31943.47620988185,308683.66826311866,172844.3532898915,177732.19736254402,532417.9206239263,308683.66826311866,239.35744021634525,8417.990014826493
26821.683832367962,19110.609066215926,100969.6464803435,415256.9659765308,12026.094209099745,11363.037996723393,12026.051837730736,124133.12448372084,2748.4426632153886,3718.8418864897812,157734.45144542502,389942.60985819425,18593.682904377387,450348.79246806575
16842.966211444756,5511.809633653656,239386.23213001058,54366.107392574326,32817.389194783325,32817.389194783325,5738.400511309346,97306.41916890221,10885.525152443919,45.691316790457144,164535.87432326656,35202.58635093759,16773.383555401055,51672.88609296702
34966.058975961976,15643.820555741408,275490.17876861524,154198.31117767168,13319.38260530183,13600.381731780071,18785.81761703857,281029.21752738254,857.9917666893917,3299.1254775755006,87768.35019729708,154198.31117767168,28313.177188367194,226391.8337595218
15282.827959728835,16141.045779504007,215402.38030967495,157072.6840541988,14045.455405805762,18467.17041031631,18467.17041031631,222897.2210671154,5886.470171745364,6725.966409756495,89191.69855803582,154350.73432072974,18170.454730949867,227331.96675360046
27216.771183406352,905.077165948647,676216.6681236731,528571.9210770336,11005.229863270428,63241.54518234217,11005.229863270428,438547.08592990023,227746.71202184755,267038.64357948996,563809.4892535115,419359.7706722643,4378.730017545573,30845.450914698744
31405.215974770297,5842.882061423127,514670.2739873826,259813.23485123678,9169.693623493262,173912.17500882302,17096.892878983854,390220.64385951747,9169.693623493262,5842.882061423127,258332.54704314095,259813.23485123678,3850.428125355561,5182.526189919504
48995.06986829052,6956.093025663682,312946.7964078217,108309.88083360507,13148.751825589226,13148.751825589226,11670.357604757075,166789.74945557266,12348.978822806357,6956.093025663682,172826.44948677678,107100.62287475113,8969.946121098454,56818.41368207018
12122.568453758455,203.78577647148555,389625.66558773926,186068.31472032104,17869.72933359167,58487.147743528236,17799.00533458076,391327.4168832173,6731.148663555541,203.78577647148555,124143.4698054319,186068.31472032104,830.344634342364,111871.16630674091
14314.485363738835,8090.310348185601,45239.40779050682,195940.69272266404,34593.67931877189,79823.41868858472,60945.27129189632,70214.53842582094,10848.393474604412,8090.310348185601,45239.40779050682,69898.80464108358,6412.667167866009,199137.92881261432
105491.18191186422,9411.975002480596,56028.336398432846,243597.48720754884,113311.90312132778,145657.95468689344,129451.05894782771,187019.2769192975,322.4763812221267,385.2781755586831,56028.336398432846,186199.24022911402,8417.401508274013,259300.85183668748
5031.085831620419,2583.8281047696614,32906.02897521051,55053.421644844966,9645.43210569387,2583.8281047696614,6960.753610363265,55053.421644844966,3787.976305604813,2583.8281047696614,32906.02897521051,28885.34662849396,29903.552242384554,114373.74055251098
18132.55865428614,18132.55865428614,185378.3226666544,39180.28473185682,26203.550684565984,27871.678641037528,26516.519414834383,56353.46135477524,11923.822060797076,11637.86317850696,185378.3226666544,1421.7049241738903,17708.533681580204,82823.60750442781
67575.69194799796,72734.53042173207,227020.60886982808,335700.17004540964,38399.02157843764,76109.35360425073,28710.385605451364,185559.55323046233,387.6221714557068,33989.480437093465,275190.7810051859,335700.17004540964,66575.94697316477,340401.5879118657
31295.789316924616,14440.413495571973,13492.186908033093,365959.08094491786,66720.97037156663,88882.34321407428,76292.29124895901,262541.5457684164,5819.387577030034,1965.153115233438,13492.186908033093,303554.96984414925,12485.720255802546,384479.18902741163
32037.369575235065,3327.2876385592035,34402.61519990355,140113.50442792705,32414.962630641967,51860.28937306219,9146.172766768123,94731.1457783337,9000.229339823849,3327.2876385592035,34402.61519990355,50378.04635560478,676.1076748252123,137251.7018286055
35160.098446888034,18787.743394002064,414707.73313022533,241921.14132257993,19141.1720018281,31507.106100599914,21309.39257968311,357777.08768482815,19141.1720018281,21284.847528143964,173745.74025661033,241921.14132257993,17788.855367761786,155535.67842218283
6768.867641768648,2802.5071746357676,12464.821925863798,73810.56190503744,63844.00791260598,62141.52232382645,11465.249899153781,86972.45929911984,1271.0633843667824,460.66925604963905,12464.821925863798,9464.89138974169,15619.34808507196,16806.424803079983
31144.859996915126,3121.7739919367373,97724.68830626084,565296.4254690488,227.40793680404408,16554.36245305613,2283.404031318612,54339.68877851607,131773.57051225324,120961.81816094911,326426.6657488128,584690.6101269315,66071.65950958099,542613.6374702358
1189.5910840602664,1059.603333016862,193990.66364264104,23633.648073765664,34378.47735568302,33554.35608432733,11030.815381431546,60703.755278666744,753.1403137717729,1059.603333016862,189292.26205914098,19809.517435128357,6847.48279474483,25370.734272160076
29781.095713468,39590.87476700564,383848.04052249406,164674.2236779092,23984.638720700274,14037.693316828936,90747.50147269774,110452.2670914118,23984.638720700274,25160.012825939997,383848.04052249406,110452.2670914118,47621.60871056677,91918.9799988228
56642.03788143346,57454.03239390695,56642.03788143346,413432.47248370195,21290.372633137307,47896.7973935639,51872.33428998057,251279.41825493673,2676.1415845695155,856.1222580287729,56642.03788143346,357463.98759612296,63768.32172964222,431777.2980570618
21976.213810272013,13519.190548740973,805206.5484751133,629767.3166369841,56539.60683239688,77387.13970328943,53692.429451371434,581084.515517539,250706.8771961489,305372.38672992366,651172.529559238,550783.1719806506,24839.81040164186,35429.48382675695
3728.123426911141,3315.836538563688,404585.7702070189,198667.71972936485,3728.1234163870317,71677.53499223979,6833.225421109261,406318.69929857727,570.652495627103,3315.836538563688,138361.172079479,198667.71972936485,2305.8073545144493,103918.96612081405
11627.753925571413,1208.358577569242,255480.8520603474,101999.09401642223,4497.010689698113,6727.565424284527,18960.887802671125,52497.38050235857,555.1977630332067,103.99971627566924,252950.7450092455,7848.0551006249425,208.82798255344335,20440.95250006362
4451.868929939044,4451.868929939044,99599.24338372094,37528.2720149898,104052.35965581653,87751.313682914,2849.8288317020338,104069.30063332453,1512.17447492201,832.2938728430394,94462.86091947953,17268.154074843034,3273.135475502245,11011.637421331983
12763.74254602432,3283.223561093679,99911.85017216485,538824.3925286616,4530.279789194755,6779.197372815841,7552.414763725182,41190.694149166775,107274.871474322,96653.02646116432,317740.504389349,563581.8991317487,76527.32232166886,515810.2714447738
40002.92757003603,39281.910184964436,242275.88874004604,219224.91763349724,19697.607278594962,67634.94746227893,2472.9038233245587,255165.6563951232,2790.9170954316774,4071.560847650756,150978.99761685924,217213.27022204947,86613.76614954123,279938.35902914044
4544.440375158431,19905.877699020948,374178.17338525975,172155.9816023285,4006.488393939404,46506.2721834486,68403.1245160725,103020.8351115788,4006.6933804259093,28569.305117823107,374178.17338525975,103020.8351115788,62031.311538776106,92062.51648365817
30315.967017843628,30934.290755906946,718065.6827028756,558874.6474865591,11738.108697623258,113642.84447514926,14625.810595058048,472685.8580837613,276530.5017838682,321762.46998278156,614956.4880771291,458784.937177048,28311.9702930199,63397.84627111936
19678.07400774222,1185.5644580383005,93803.43005216899,185137.4799690072,54242.13725750343,146752.2467836313,53748.80549219494,137543.92856861104,14822.785463962104,1185.5644580383005,93803.43005216899,121426.20408282478,9581.505457290865,196268.3782325206
25255.29342779815,4672.377544516791,22469.67280555377,512109.7897296953,25255.29342779815,27500.04902603414,37045.14659038272,184527.44653541912,54150.7101824947,80105.94524813861,129902.92777849587,467176.37406582024,3656.294284007928,529233.9549209645
35269.43129924292,33396.91271252626,112994.74933642957,549611.1572874668,5359.347742791787,2886.727272717731,5349.488411662902,32600.39574171499,145987.62683701073,147941.33393660892,151627.88462703157,485133.6948501159,28856.647210877625,553460.8291464987
8459.164301210416,2052.846979415068,165141.8164357512,40960.343442828176,13227.56382331546,4689.295112802035,4014.730832619791,35363.19726073866,4698.130073081975,2052.846979415068,165141.8164357512,35363.19726073866,5629.495613840045,72433.5161399962
58131.09121211622,53179.17994782188,79968.46869451212,510165.8507000921,20645.979821086738,44335.38702665024,20645.979821086738,97088.41024115124,84224.79344074188,85107.52286146749,356687.96724008856,510165.8507000921,69250.14983650041,463321.8900532462
10390.921032105349,9355.589372491082,11781.30173687113,609718.6927008854,1436.066672014559,28959.46400908043,7557.240124454216,120495.82941765459,184849.26240172956,184279.01733231146,425999.5417537965,609718.6927008854,14538.20777721905,548118.4849096093
5560.0149560555665,3514.8521491400184,49648.0280481787,82406.95524214958,5883.841664951379,5883.841664951379,11652.336355730737,34506.78832903193,674.1348390213446,900.4012128828932,49648.0280481787,34506.78832903193,5982.498310447997,63783.826035182035
2172.9502282329026,7298.79042926465,251205.44483763806,374168.6642234565,33717.493302875046,33685.00532657781,77930.53984444587,279078.5793119083,102313.5369398152,111011.93266912422,303306.7992079137,374168.6642234565,1167.3097472262866,265609.4136856991
4808.762927190015,4878.448816703823,54162.11515496143,116742.61903092208,4941.0145731139355,81667.25638505929,4221.411985493058,91979.2397459137,4808.762927190015,5433.431206370608,52662.216691211244,51568.33574809471,8077.927518496277,131327.62365218368
4865.086830729383,1951.1842814733532,364540.91227539326,108428.77437310065,62690.75963807744,86142.12586669017,55251.23032781335,266618.361222884,901.0249057951273,1951.1842814733532,118570.46704856268,108428.77437310065,940.2421840969859,102690.27469922497
8174.356464503797,4295.176356332229,199369.05550036315,61077.109701569505,30198.906853037475,32043.91495040926,19216.42249543035,60407.0530630488,7264.837628525831,4065.941325343331,199369.05550036315,4110.792785788243,2308.271617134641,82706.0476500724
