Magmap2019-grid-tmi_1vd-AWAGS_MAG_2019_std,Magmap2019-grid-tmi_1vd-AWAGS_MAG_2019_mean,Magmap2019-grid-tmi_rtp_enhancement-PGravTHD-AWAGS_MAG_2019_dissimilarity,IntrusionsBndys_FaultedBndys,RockUnitBndyFaults_LAO_Faulted boundary,Magmap2019-grid-tmi_rtp_enhancement-PGrav-AWAGS_MAG_2019_mean,MetamorphicFacies_Tabberabberan_Greenschist facies,Magmap2019-grid-tmi_rtp_enhancement-Phase-AWAGS_MAG_2019_std,MetamorphicFacies_Benambran_Greenschist facies,Gravmap2019-grid-grv_cscba_tilt_std,MetamorphicBoundaries_Unconformities,Gravmap2019-grid-dem_ellips_dx,Radmap2019-grid-u2th_ratio-AWAGS_RAD_2019_dissimilarity,Radmap2019-grid-dose_terr-AWAGS_RAD_2019_mean,sample_weight,label
0.2847145277117108,1.0423827333008595,1.4800914007688175,-0.7865168702888328,-0.510900669973131,0.6544699482074324,1.0,1.144156420145017,1.0,-0.845573493094799,-0.5193995720621452,-0.5898466058699025,0.1346997839117478,0.5991066408635388,0.1,1.0
1.7553407313659153,1.4574325471439828,0.8456567338383957,-0.5515211619587518,-0.5030046086640285,-0.014231852807743,1.0,0.4688295868990441,1.0,0.8084387505659527,-0.8353469421652154,0.9472126290266224,-1.226683527246815,-0.0170657543194832,0.1,1.0
1.774120674579007,0.8592687782918154,0.7816390218886613,-0.5226487971030843,-0.5005994778401933,-0.020178447273636,1.0,0.4411977906268192,1.0,0.8268080541637874,-0.8111432824447271,1.024753974844364,-0.8797104548658563,-0.0264234238566543,0.2,1.0
-0.1887119176108157,-0.5084438354282098,-0.1596978322293562,-0.4449831331823387,-0.5100442499551596,0.0918418891611642,1.0,-0.0462903576957204,1.0,-0.5164824598076135,-0.4020759721871498,-0.2609430369435178,0.7396935790479859,0.4456755743396952,0.1,1.0
1.2263577067497469,0.3140480201937094,1.1976478078477306,-0.6327035049343778,-0.4958574001139034,-0.0983584247118358,1.0,0.5621720855857407,1.0,0.515176661236362,-0.8534153607045732,0.7308068662029228,-1.8166555679760663,0.0250189849470508,0.1,1.0
1.5072725723100826,0.2691387626359249,1.0555043831974351,-0.5796041767961565,-0.4942647186024981,-0.0326310652138491,1.0,0.4039900783896517,1.0,0.7549764539166874,-0.8499071297760773,0.7980306746843203,-1.6964815327201823,0.0167347376924358,0.1,1.0
1.253224354931675,0.1114096251407236,-0.1284333682539046,-0.5922854459134103,-0.4986322033577136,0.1675556226832661,1.0,-0.0963597787682301,1.0,0.3273893651851994,-0.8199128856267707,1.5461630241618385,-0.5053447715074549,0.1926498156736944,0.1,1.0
0.7017824331313519,0.9412318015115644,1.2289122718231846,-0.696163274700561,-0.4982883576445633,0.2859161922951522,1.0,0.5546890969903969,1.0,0.2776475368945547,-0.5247746625175774,0.467875470517541,-0.0340740450137947,-0.2606347488453959,0.1,1.0
0.4482073918678435,-1.7107337904162772,0.5640638746309276,-0.5344293908554116,-0.5007285897174307,0.016159297942163,1.0,0.982791719948952,1.0,0.7280843890345959,-0.6886381512395734,1.5055975686204424,-0.02288136525957,-0.0678895912229775,0.1,1.0
1.3618535647292649,1.1363246096639783,0.7408038036350114,-0.461902577916412,-0.5124910380879699,0.1215203907713877,1.0,0.2155111432708881,1.0,0.2483533561727905,-0.8328191431282824,1.294305112495696,-0.8319942938083731,0.1092170839710254,0.5,1.0
1.175357657308659,-0.7768590765786724,-0.1433212082422161,-0.8842617076233948,-0.5092052668524005,0.4804998702631289,1.0,0.5247674525960642,0.0,-0.1711867414334839,-0.5910594377620635,-0.394418992509151,-0.4272905574319432,1.137714428221117,0.2,1.0
0.6807200958303592,-1.2425853327724845,0.610428862023094,-0.5579585962639868,-0.4798830793677059,0.0558168126684961,1.0,1.0578824485745613,1.0,0.7850046467909128,-0.6985124267518348,1.6297437562945518,-0.0482121668086034,-0.0864455172404471,0.1,1.0
1.4835110536697227,1.1494868524282509,0.8664997098220304,-0.4554754188584214,-0.5086143438600422,0.0565698901798402,1.0,0.2400520054278139,1.0,0.7347013554274912,-0.8389781533581808,1.1478490125654683,-1.0879532071352436,-0.008092461052644,0.1,1.0
1.1299443635454194,2.394140173745616,-0.7339856256070052,-0.6897634136998,-0.4994622034099285,1.2003297455721629,1.0,-1.0639541246909807,0.0,0.8010389154272456,0.246984312670439,-0.2801489417282271,-0.0243540862798623,0.2741883632739764,0.1,1.0
1.1830043484918926,-0.126009353085382,-0.397477905185512,-0.6602710424164245,-0.5014098145655503,0.194142995910084,1.0,-0.3974072764102804,1.0,0.5330128075655046,-0.8144787707405066,1.5443495375566183,-0.5848717066032604,0.2295690179526474,0.1,1.0
0.7564816952427225,-0.8531439818542736,0.6299106640649393,-0.5807527509168007,-0.505288029897272,0.0286678587832188,1.0,1.174875026537726,1.0,0.737244612536838,-0.6882750571187367,1.5666571866986028,-0.2436569734116467,-0.0973810067439757,0.1,1.0
0.317304968122898,0.9830376706170404,0.3773278244918356,-0.8013729095718304,-0.5126673376105872,0.7707351504219652,1.0,0.6536175466566434,1.0,-0.3661466506892049,-0.5750757578663384,-0.6107262699307187,0.5199636028203166,0.175064216622078,0.1,1.0
0.4157129544644244,2.138133467355598,0.2582251045853536,-0.7157553026823388,-0.5110871316147263,0.7620269697618411,1.0,0.6079855440071648,1.0,-0.4775107960952912,-0.58708729269343,-0.6001889842119751,0.6489739641979572,-0.1275583908050584,0.1,1.0
1.4350612776769207,1.7718929671812376,0.5466238335017645,-0.4540815654150258,-0.5068751747744128,0.0432559327582311,1.0,0.3090856166660397,1.0,0.7415184012026744,-0.8470594824499631,0.8164839742075908,-1.099145886889468,0.007560793242045,0.1,1.0
1.1904283230200088,0.2653695420678257,0.119768192694067,-0.7692906935897978,-0.5095208040179995,2.062229108955488,1.0,-0.5739194095689786,0.0,1.2809626604072613,0.1235465230298358,-0.1612689274565961,0.4949273454753395,-0.0235081344980978,0.1,1.0
0.4616600714039222,1.9689967975921616,1.1310778947571452,-0.6867946215145254,-0.4977503556167124,0.8485009918512951,1.0,0.9436364511594828,1.0,-0.3035136612676941,-0.5478088148319852,-0.5729750234396705,0.1653323811338365,0.1974808314396192,0.1,1.0
1.1253870594750608,1.9803990556057447,1.1738272638664355,-0.5216375635406819,-0.4820030397419412,0.4008295920656377,1.0,0.6825040683519233,1.0,1.2251358597401891,-0.8900630313871215,0.0422270072898918,0.0369111081643143,-0.3966707118431105,0.1,1.0
-0.1737329967093089,-0.0012768884622651,-0.5414645862153126,-0.5803613485188704,-0.5047651247727617,0.1192140484261196,1.0,0.1768744668296497,1.0,-0.1388529826540638,-0.3738432701292225,-0.2510653291828745,-0.3922397971489764,0.458450161194299,0.5,1.0
-0.1574034528477122,0.1607216943741108,-0.4734058891258939,-0.5665200416086459,-0.5133527906849269,0.1689880553811595,1.0,0.1801509807117112,1.0,-0.0584920293601124,-0.3780876880559004,-0.23224607079172,-0.1707425556969548,0.4799684618940719,0.1,1.0
0.4061041372917841,-1.996492907585624,0.5398179637928222,-0.5369024494594384,-0.5077881726001822,-0.0051513234472731,1.0,0.7035941778457718,1.0,0.6890332364203947,-0.685260281663955,1.5481463774514597,-0.1421717679032774,-0.0335345387313663,0.4,1.0
1.8270758820492603,1.8740171690914984,-0.9459884670405436,-0.8620787334824115,-0.4987644411440648,0.4353083116534331,1.0,0.2825487410177132,0.0,0.91641376062149,-0.5753678558731022,-0.486967247835171,0.0928745069354358,1.103896086870783,0.2,1.0
1.7869210756147271,0.9749156587239288,0.9694384891697756,-0.4790861489363877,-0.496162287290824,-0.0215206239149067,1.0,0.6134539611344317,1.0,0.7845905289996667,-0.8018864617252756,1.079844030334801,-0.788696295811768,-0.0378700814826949,0.2,1.0
1.5753575441174352,0.1377099086458934,0.9809233943036154,-0.5840814809119557,-0.5103952957958198,-0.0433696107913999,1.0,0.528954338333966,1.0,0.7585565565071127,-0.8379323429547635,0.8891005174212951,-1.462024346289586,0.001563107787712,0.1,1.0
0.3384680827747872,1.1068226409120985,0.4424089535835919,-0.7767828517992482,-0.5090955841775929,0.7704895225840547,1.0,0.709898734922174,1.0,-0.3277697966133721,-0.5604450214220822,-0.6049458770597149,0.5025854947808626,0.3236239524949571,0.5,1.0
0.5130305840645015,-1.9059970760901,0.5804404986180692,-0.5520511902244547,-0.4871114228051003,0.033558672551629,1.0,1.096743882733323,1.0,0.782724284683873,-0.6962426231412977,1.6518100509703764,-0.0561648603181842,-0.0999208445014086,0.1,1.0
0.0193513751919704,-1.543483602446605,-1.345195262155663,-0.4870715598071473,-0.5140472005201865,-1.113064133692619,1.0,-0.218589830148909,0.0,0.887658165678791,-0.2505086707624326,0.1120969686285429,0.185066842805759,1.3605637260676775,0.1,1.0
0.5130305840645015,-1.9059970760901,0.5804404986180692,-0.54712237433396,-0.4825071034224322,0.033558672551629,1.0,1.096743882733323,1.0,0.782724284683873,-0.6977244990571004,1.6518100509703764,-0.0482121668086034,-0.0864455172404471,0.1,1.0
0.9394621376853328,1.8676880635063515,1.0479186742510116,-0.4586145250797621,-0.4831328756130063,0.3869925571966756,1.0,0.4741443852193799,1.0,1.3795033071867635,-0.8874991901364797,-0.1087453365810282,0.0764389403489695,-0.3887668401450425,0.1,1.0
1.4835110536697227,1.1494868524282509,0.8664997098220304,-0.4249730343773676,-0.5114906289233861,0.0565698901798402,1.0,0.2400520054278139,1.0,0.7347013554274912,-0.836797457335519,1.1478490125654683,-1.0879532071352436,-0.008092461052644,0.1,1.0
1.1830043484918926,-0.126009353085382,-0.397477905185512,-0.6534599026632804,-0.5059714638140227,0.194142995910084,1.0,-0.3974072764102804,1.0,0.5330128075655046,-0.8130854621410447,1.5443495375566183,-0.5848717066032604,0.2295690179526474,0.1,1.0
1.4835110536697227,1.1494868524282509,0.9447955692653144,-0.4561191605725587,-0.5139955088988937,0.0565698901798402,1.0,0.2400520054278139,1.0,0.7347013554274912,-0.8418538161778205,1.1478490125654683,-1.121531246397917,-0.0120879431324636,0.1,1.0
-0.1744246957995504,0.5300088847632487,-0.6431272649926316,-0.4087809180716533,-0.5121356747031595,-0.9471531069503883,1.0,0.8485876496172758,0.0,-0.7821035436991272,-0.2137515917392462,-0.9146375639175895,-1.1392038986414288,1.646932048891114,0.1,1.0
1.307319727155473,0.8524018688691798,0.4179503593170821,-0.5312296484921216,-0.5117093980214029,0.1522499168000751,1.0,-0.0542950316354075,1.0,0.2167799765962115,-0.8262762673802804,1.1953384657994606,-0.599304372602129,0.2038487367924377,0.5,1.0
0.4932766748532484,1.5766655804665195,0.2471655663083215,-0.8024861172851101,-0.4794952148989731,0.4698563370212198,0.0,0.320535888275281,0.0,-0.9341989656795908,-1.081303251182252,0.6324644396345545,-1.0670405686470863,1.6136482644515602,0.1,1.0
1.2176593697152924,0.4508849417827279,0.3016125239798576,-0.7053942173962369,-0.461452729014611,2.029613944785237,1.0,-0.2215261144585746,0.0,1.2702250668911714,0.1505912532390004,-0.0599359286846705,-0.0181686579946323,0.0411778679143997,0.1,1.0
1.4869947757177304,0.0640046455751374,1.17403994729484,-0.6149316496526634,-0.4982662163988358,-0.0748668229027041,1.0,0.58475198820721,1.0,0.664198189218603,-0.8465964568617015,0.8086382900028832,-1.6490599158667578,0.00846033834867,0.1,1.0
1.451268237052792,1.1286298974664883,1.14766720217269,-0.4175443954591856,-0.5099630979221405,0.0760534209575432,1.0,0.2297554213686105,1.0,0.6101162668854321,-0.8332042273147433,1.295031838381392,-1.0152007887327843,-0.0006936025328084,0.1,1.0
1.1139273456042715,-0.7288250358097772,1.2440127952398992,-0.6940427324486136,-0.5117439741243367,-0.1351617190478057,1.0,0.6384701136940103,1.0,0.6927540925297548,-0.835773068293788,1.0428333280381017,-2.502295566183532,-0.0247609734064353,0.1,1.0
1.535225448071836,1.770728547863372,1.0523850262475047,-0.4309866410883951,-0.3876190438715515,1.822972646525103,1.0,0.352993789482034,1.0,0.88912463898075,-0.1398255857468818,-0.3222799477402842,-0.679420396106051,-0.1805838512777603,0.5,1.0
1.4655190061090917,2.445046939394315,0.590011252896267,-0.4938552291607703,-0.4213244728148044,1.9083893024907344,1.0,0.3835979550185709,1.0,0.6496776994746136,-0.1296416375071438,-0.3845515126931492,-0.890019502007906,-0.1861482286547311,0.5,1.0
0.0892117574615257,0.1006740073948579,1.4954046076139365,-0.6832270478164052,-0.513194464284665,0.4963280873699803,1.0,0.9103269450230292,1.0,0.0034143151730135,-0.4769287968183616,-0.3306222031170034,-0.6096134197441779,0.6186399720327843,0.4,1.0
1.116558653849437,2.10312160386246,1.171275062725582,-0.4963102269612517,-0.4801529857149089,0.390166920462914,1.0,0.5363971179798446,1.0,1.2251358597401891,-0.8894529318019524,0.0422270072898918,0.0266020610222657,-0.390398823621072,0.1,1.0
0.629719143135166,-0.6484043492676054,0.5476872506437864,-0.6019688645383692,-0.5108213039014885,0.1693847517002931,1.0,0.8977003038922527,1.0,1.2848231067833331,-0.5886248369719614,0.4846835260027913,0.167688734766305,-0.1386326743021169,0.1,1.0
0.7178168709731028,-1.3435473271490808,0.6036229923141522,-0.5617474031186475,-0.4861537389523999,0.0511566784325081,1.0,1.095379871447619,1.0,0.8282415686527722,-0.6971403863910859,1.749051405950433,-0.3978361370260876,-0.1388597917460755,0.1,1.0
0.7940900993179926,-0.8045338138330239,0.6387157580008836,-0.6375748149559283,-0.5044239606590989,0.0454698673968442,1.0,1.119200065510284,1.0,0.737197306946453,-0.6908413423504327,1.564439734220486,-0.5315592056686641,-0.1034713241097339,0.3,1.0
1.116558653849437,2.10312160386246,1.171275062725582,-0.4940754531676584,-0.4762793336097584,0.390166920462914,1.0,0.5363971179798446,1.0,1.3245322724047852,-0.891137144576426,-0.0218540145937909,0.0266020610222657,-0.390398823621072,0.1,1.0
0.7191602679003495,0.1474486071934769,1.4292600613801594,-0.3105800010928339,-0.5142267005829828,0.8893993291778984,1.0,1.7348774377239875,1.0,0.7565957010105481,-0.4511894381519366,-0.5907544341360529,-1.5768965858724169,-0.0531254186296363,0.1,1.0
1.174934676314757,-0.260538249938263,0.209307916052333,-0.7063723082267662,-0.5022118371095796,2.087710760555123,1.0,-0.1662790178933906,0.0,1.5773333474263822,0.1253566569373514,-0.1432280205782623,0.3267426049579139,-0.0036547462262556,0.1,1.0
0.0736673994900738,1.14995796246495,0.6938007659576308,-0.1030581672280602,-0.5053787959220025,1.027410465556846,1.0,1.4044825619658658,1.0,-0.0306239958632579,-0.3148756273777889,-0.4641679797473974,0.410982247318657,0.5405008001587357,0.1,1.0
0.7178168709731028,-1.3435473271490808,0.6036229923141522,-0.5538604855413243,-0.4833014786571235,0.0511566784325081,1.0,1.095379871447619,1.0,0.782724284683873,-0.6982596509881213,1.6518100509703764,-0.3978361370260876,-0.1388597917460755,0.1,1.0
1.535225448071836,1.770728547863372,1.0523850262475047,-0.4260223123017949,-0.38191975591984,1.822972646525103,1.0,0.352993789482034,1.0,0.88912463898075,-0.1392504915344554,-0.3222799477402842,-0.679420396106051,-0.1805838512777603,0.4,1.0
0.7155627358350688,-0.6652753713430127,-0.5410392193585039,-0.6577784241056066,-0.5022708923183238,-0.5237608128857255,1.0,-0.2271553673837023,1.0,0.2979183701256006,-0.7213864655455058,1.4374939412384098,-2.381885895564401,-0.343142700169889,0.1,1.0
1.2320827893420132,0.7895051060874354,0.1663458635146388,-0.6442107941914522,-0.4830541830241046,2.060339280758599,1.0,-0.085828127004459,0.0,1.326285293504245,0.1414472153830597,-0.0927281462985152,-0.0776665872144582,-0.0378916237876774,0.2,1.0
0.4061041372917841,-1.996492907585624,0.5398179637928222,-0.5371037023370603,-0.5108981589077704,-0.0051513234472731,1.0,0.7035941778457718,1.0,0.6890332364203947,-0.6837573496397591,1.5481463774514597,-0.1421717679032774,-0.0335345387313663,0.4,1.0
0.7285659819355887,0.453959321834437,0.6044737260277692,-0.8024644385565732,-0.4767675660525757,0.1881855299492903,1.0,0.6419445793272851,1.0,1.013257610158958,-0.5715886192984114,0.7806038971073043,0.226361940214765,-0.0084291365047985,0.3,1.0
0.7308579247097463,2.998929086992552,-0.2809273864198841,-0.501984774847896,-0.3292795814118626,1.5243406087371498,1.0,0.4319940651941057,1.0,0.9719148506662334,0.0555338174230473,-0.2579311249049216,0.4176978551711917,0.0743757908812384,0.1,1.0
0.8007657923379823,1.1658463994051251,1.211684914122425,-0.2601498364744999,-0.486498678620594,0.9739197662826612,1.0,1.7213022777853162,1.0,1.099216133148066,-0.4253876305758916,-0.6136539009364822,-0.8900195020079057,-0.1186364913229624,0.1,1.0
1.276080296813278,1.1136587554930435,0.3866858953416305,-0.5248475376943045,-0.5106465983126525,0.1727715620960475,1.0,-0.1184839799624271,1.0,0.2834645735090412,-0.8387813187711306,1.0260530023572094,-0.7038675650429087,0.2544469949880431,0.1,1.0
1.0357384443382494,2.4815315108967284,1.1034290490645682,-0.47463619961836,-0.4806915019379824,0.3986964009256094,1.0,0.5107850481692177,1.0,1.3795033071867635,-0.8880906272089141,-0.1087453365810282,0.023067530573562,-0.3879907016712462,0.1,1.0
0.969326557206594,-0.8209936141826383,1.2801689780686505,-0.648429445679946,-0.496515334684071,-0.1086889494963983,1.0,0.6988794207713013,1.0,0.5738262872969451,-0.84582477492026,0.8553809155726959,-1.771001216346993,0.0148014696938664,0.1,1.0
1.4781075295389583,0.7318882975577549,0.8594811566846846,-0.5534725307324431,-0.5014923297260933,-0.0236070449779147,1.0,0.2828219556743338,1.0,0.7614929928676987,-0.8534658245258658,0.6926561800672454,-1.535365853100162,0.0044143857257486,0.1,1.0
1.1253870594750608,1.9803990556057447,1.1738272638664355,-0.5048230504541177,-0.4764769889335626,0.4008295920656377,1.0,0.6825040683519233,1.0,1.2251358597401891,-0.8912630035436556,0.0422270072898918,0.0369111081643143,-0.3966707118431105,0.1,1.0
0.8999353509266143,1.217849019061188,0.9275398537741028,-0.4289772473406948,-0.4944388567802625,0.3925244494300058,1.0,0.2217517784276295,1.0,1.482344109682481,-0.8805672084347451,-0.3168036881215141,0.2159939842319048,-0.3887668401450425,0.1,1.0
0.3976584533342244,1.0259929869626574,1.4609498922124209,-0.7929083106922413,-0.5117202274352735,0.7093358915865438,1.0,0.95303091135248,1.0,-0.5290628387196743,-0.5284983924221853,-0.6285216555503991,-0.0402594732990226,0.5333561408376933,0.1,1.0
1.0357384443382494,2.4815315108967284,1.1034290490645682,-0.4654805647371617,-0.4866082223624925,0.3986964009256094,1.0,0.5107850481692177,1.0,1.3795033071867635,-0.8849045822845527,-0.1087453365810282,0.023067530573562,-0.3879907016712462,0.1,1.0
0.7564816952427225,-0.8531439818542736,0.5923507706087172,-0.609305417862413,-0.5114725887508451,0.0286678587832188,1.0,1.174875026537726,1.0,0.7605278812736807,-0.6862502081086618,1.6034828461337671,-0.4861993982436494,-0.0973810067439757,0.2,1.0
0.6507636734266536,0.7971516694440522,1.3363174031674216,-0.0932311673819332,-0.4772393064328419,1.028451864172533,1.0,1.650404620889832,1.0,1.1482844384018254,-0.3939760052844226,-0.4570759564803099,-1.2741051441002391,0.1175782680291492,0.1,1.0
1.0286698357824358,-0.0753260414433447,1.358011112864674,-0.6720208153543382,-0.5026892395392744,-0.1346026297735943,1.0,0.719734462560584,1.0,0.4564176894668537,-0.8590637716106942,0.7593782827700347,-1.937124147436008,0.0061482335296232,0.1,1.0
1.0885092589347125,-0.7980999037037768,0.0638324510237027,-0.3996134481010101,-0.5074772611992008,-0.1552554124768052,1.0,0.768506887263165,1.0,-0.5615354122643248,-0.7405779480672132,1.3206474947653004,0.3338116658553207,-0.2687441956824388,0.3,1.0
1.579771875966548,0.6743939878458516,0.781213655031853,-0.5297479225002631,-0.5072703022447242,-0.0032516429581307,1.0,0.2767699932804694,1.0,0.8008845906323805,-0.8380783322909444,0.8773473669779079,-1.2617342875297806,-0.0155288647325918,0.1,1.0
0.1493345443302784,0.6614198318080432,1.0009156365736316,-0.5870817475462785,-0.5078323692004769,0.4028168107376776,1.0,0.8603070118883247,1.0,0.1352984236611536,-0.4492812974229171,-0.0984320991615383,-0.5819262645626746,0.5282226095603713,0.4,1.0
0.969326557206594,-0.8209936141826383,1.2801689780686505,-0.6686608266367022,-0.4972225090625601,-0.1086889494963983,1.0,0.6988794207713013,1.0,0.5738262872969451,-0.8445171466326824,0.8553809155726959,-1.771001216346993,0.0148014696938664,0.1,1.0
1.3618535647292649,1.1363246096639783,0.7712707047539452,-0.4929133233362023,-0.5126541742003214,0.1215203907713877,1.0,0.2155111432708881,1.0,0.2483533561727905,-0.8284795930495366,1.294305112495696,-0.692674885288684,0.1508940581789634,0.5,1.0
0.6868158997147182,0.8928211194123172,0.4366665010166715,-0.8359364618994654,-0.4864600991075637,0.1494720233634932,1.0,0.6295426959140321,1.0,1.1510921415164437,-0.580314363857416,0.8682744092908351,0.8083223785936238,0.1298216831923276,0.1,1.0
1.1967258106424612,0.5728869587987674,-0.1445973088126419,-0.6395958443148176,-0.5100051153800356,0.2153863499248226,1.0,-0.2648084710610997,1.0,0.576429645771127,-0.8250839252643924,1.4956028578590774,-0.6950312389211535,0.2811945363487029,0.5,1.0
-0.4434051229385887,-0.5600638802174331,-1.3692284895653644,-0.7067375784427683,-0.4374495116587453,-0.092628240941308,1.0,0.1017940481910826,0.0,0.4699408843053323,-0.9534858391110012,-1.2986446338948534,-2.5382888679194844,1.421822347757464,0.4,1.0
0.5130305840645015,-1.9059970760901,0.6646205995805423,-0.5515259672740779,-0.500743176399541,0.033558672551629,1.0,1.096743882733323,1.0,0.737244612536838,-0.6893559706576847,1.5666571866986028,-0.0561648603181842,-0.0999208445014086,0.1,1.0
0.2189631774036628,0.7078794650283167,1.4205400408155775,-0.7491676340206005,-0.5134977231634985,0.6244475223262387,1.0,1.1832879759642885,1.0,-0.4899829925506497,-0.503845847974686,-0.4785152753539979,-0.83081611699214,0.6434960990159835,0.1,1.0
1.530375747743948,1.6708544110435308,1.0927948776443457,-0.4259157176145183,-0.3955431856772772,1.810007482898222,1.0,0.2945784338987351,1.0,1.07761725362955,-0.1403381414748033,-0.2852061431653144,-0.6691113489640017,-0.1770561449632743,0.5,1.0
0.6896694084697981,1.0625444224031126,1.0070834559973605,-0.3506549935299451,-0.4963612839099,0.9198397413890728,1.0,1.982090307025659,1.0,1.2054889174511978,-0.4364602291763835,-0.6261377044342092,-0.7869290305874169,-0.2406810349817783,0.1,1.0
1.7384380082563282,2.753274041116437,1.0262249645537584,-0.4486747433482331,-0.5075591161262821,0.0329139702550753,1.0,0.4476961754596177,1.0,0.7985611881931052,-0.8234267347202354,1.278928183826529,-1.0045971973866776,-0.0145157609039877,0.1,1.0
0.7178168709731028,-1.3435473271490808,0.6036229923141522,-0.5722841522676329,-0.4846765062227202,0.0511566784325081,1.0,1.095379871447619,1.0,0.8282415686527722,-0.6983259807913099,1.749051405950433,-0.3978361370260876,-0.1388597917460755,0.1,1.0
-0.8478513748581422,-0.1907238834802932,0.394129815335786,-0.6545955092713958,2.567673366503671,0.790368051009813,0.0,0.1815675729313313,0.0,-2.0218142022627177,2.3995529357900933,0.1551056156266919,0.5394035202881813,1.7172165886213409,0.5,1.0
0.3108503142861158,0.8958696386024988,1.5679296566998495,-0.7912115814854185,-0.5114770003282972,0.7352377944109307,1.0,0.9246093700728104,1.0,-0.3334825282785661,-0.5416487236058609,-0.6303548445610196,0.1143762338317084,0.4870694211107213,0.1,1.0
1.451268237052792,1.1286298974664883,1.14766720217269,-0.4196114765051209,-0.5112911448928776,0.0760534209575432,1.0,0.2297554213686105,1.0,0.6101162668854321,-0.8337457414046806,1.295031838381392,-1.0152007887327843,-0.0006936025328084,0.1,1.0
0.5130305840645015,-1.9059970760901,0.5804404986180692,-0.5521897585658173,-0.4941063233651514,0.033558672551629,1.0,1.096743882733323,1.0,0.782724284683873,-0.6927118673570736,1.6518100509703764,-0.0561648603181842,-0.0999208445014086,0.1,1.0
0.5130305840645015,-1.9059970760901,0.5804404986180692,-0.5398849112251703,-0.4979715130789639,0.033558672551629,1.0,1.096743882733323,1.0,0.782724284683873,-0.690236852544602,1.6518100509703764,-0.0561648603181842,-0.0999208445014086,0.2,1.0
1.7555871907003733,0.808884929471501,1.0834368067945517,-0.4646847468410703,-0.4933826812381628,-0.0080719052544255,1.0,0.7959623827569655,1.0,0.7287986258992724,-0.7993052166522439,1.226189104548108,-0.7368565158974659,-0.0570950499434771,0.1,1.0
0.7564816952427225,-0.8531439818542736,0.5923507706087172,-0.5778869774212747,-0.4988903916261846,0.0286678587832188,1.0,1.174875026537726,1.0,0.7605278812736807,-0.6913603569074332,1.6034828461337671,-0.4861993982436494,-0.0973810067439757,0.1,1.0
1.535225448071836,1.770728547863372,1.0523850262475047,-0.4140419781200504,-0.3827914505211105,1.822972646525103,1.0,0.352993789482034,1.0,0.88912463898075,-0.1441614559344055,-0.3222799477402842,-0.679420396106051,-0.1805838512777603,0.4,1.0
0.7564816952427225,-0.8531439818542736,0.5923507706087172,-0.6067655632220518,-0.5003005608708392,0.0286678587832188,1.0,1.174875026537726,1.0,0.7605278812736807,-0.6917412914884483,1.6034828461337671,-0.4861993982436494,-0.0973810067439757,0.1,1.0
1.307319727155473,0.8524018688691798,0.4179503593170821,-0.5138497486651917,-0.5136561207244486,0.1522499168000751,1.0,-0.0542950316354075,1.0,0.2167799765962115,-0.8284556037449594,1.1953384657994606,-0.599304372602129,0.2038487367924377,0.1,1.0
1.4350612776769207,1.7718929671812376,0.5466238335017645,-0.463304487002973,-0.5056556936392659,0.0432559327582311,1.0,0.3090856166660397,1.0,0.7415184012026744,-0.8499776610167896,0.8164839742075908,-1.099145886889468,0.007560793242045,0.1,1.0
1.230033692885892,0.2761072439949682,-0.1577836813737163,-0.5936592625160634,-0.496554737449511,0.1910561708267431,1.0,-0.2818570656343436,1.0,0.4335190694649511,-0.8228266053660396,1.554370473817064,-0.6599804786381878,0.2485653302334019,0.2,1.0
1.3173618482260767,0.8225123274688327,0.6744465739728283,-0.4876251246417234,-0.5119599134589349,0.1389353931547734,1.0,0.0451530413777737,1.0,0.2577225773243606,-0.8315907187678647,1.113558440333328,-0.749521916671983,0.1898511625092578,0.1,1.0
1.1904283230200088,0.2653695420678257,0.119768192694067,-0.7673988545082259,-0.5123451562854019,2.062229108955488,1.0,-0.5739194095689786,0.0,1.2809626604072613,0.1273219396825128,-0.1612689274565961,0.4949273454753395,-0.0235081344980978,0.2,1.0
-0.1856920810640522,-0.3375364197332159,-0.3026210961171349,-0.5100445363304275,-0.5039645987777133,0.104309342162127,1.0,0.0073463188934471,1.0,-0.4388685266373349,-0.3884589767253641,-0.2831726525789224,0.6304176793422664,0.4332773623278576,0.2,1.0
1.4869947757177304,0.0640046455751374,1.17403994729484,-0.6060091972922436,-0.5077730489666739,-0.0748668229027041,1.0,0.58475198820721,1.0,0.664198189218603,-0.8422852753220968,0.8086382900028832,-1.6490599158667578,0.00846033834867,0.1,1.0
0.1836582003333182,0.466663129786904,1.436278614517504,-0.76544834093384,-0.5113730885297255,0.5960606902038933,1.0,1.143746082660731,1.0,-0.341890127592786,-0.5022521407802362,-0.4389643738788188,-0.8063689480552813,0.6634978214449906,0.1,1.0
0.1893316684052793,0.41150663345051,1.6081268246682854,-0.8174631953381852,-0.5134232137447784,0.5966569237523485,1.0,1.0031910603109624,1.0,-1.0302783646314395,-0.5230231168738447,-0.6421436856455415,0.1040671866896605,0.648581313980702,0.2,1.0
0.7178168709731028,-1.3435473271490808,0.6036229923141522,-0.5617789894475353,-0.4898477774239244,0.0511566784325081,1.0,1.095379871447619,1.0,0.782724284683873,-0.6952672097334163,1.6518100509703764,-0.1282987358921204,-0.1388597917460755,0.2,1.0
-0.0162417399379785,0.1245418812152281,0.2575870543001394,-0.4158847422841059,-0.511511684035635,0.2269493171990028,1.0,0.373793157341288,1.0,-0.2685610339844581,-0.4196593482348811,-0.1407446388769789,0.0551728488159438,0.4644773903811788,0.1,1.0
0.6759817538300296,-0.7997062119861917,-1.44962282550224,-0.5893303742153404,-0.5033280299936372,-0.5587083090687402,1.0,-0.3918852473503932,0.0,0.2008189928499011,-0.9730835643002812,0.6605466241756666,0.1824159449692314,0.0077285154736942,0.5,1.0
1.5753575441174352,0.1377099086458934,0.9809233943036154,-0.5718369177331901,-0.4997018865727979,-0.0433696107913999,1.0,0.528954338333966,1.0,0.7585565565071127,-0.8330081892809066,0.8891005174212951,-1.462024346289586,0.001563107787712,0.1,1.0
1.1381175228357672,2.3225595208128347,-0.6086725495911133,-0.7069954752487991,-0.5001097105691316,1.2375281508009262,1.0,-1.127385288970387,0.0,0.9811522365659094,0.2528249139640443,-0.2417023068260191,-0.0714811589292289,0.3767648181729217,0.1,1.0
1.4350612776769207,1.7718929671812376,0.5466238335017645,-0.4548042672287116,-0.5087837566321831,0.0432559327582311,1.0,0.3090856166660397,1.0,0.7415184012026744,-0.849736791555585,0.8164839742075908,-1.099145886889468,0.007560793242045,0.1,1.0
0.502484189130515,-1.937577441450263,0.5681048597706119,-0.5603690682672477,-0.5052039526667467,0.0116484202715812,1.0,0.9991794443527806,1.0,0.737244612536838,-0.6875044779556801,1.5666571866986028,-0.1801679702268287,-0.0720472560845938,0.4,1.0
0.7155121536051695,0.4141740026732924,1.4075663516829064,-0.2314485345747679,-0.5070545658132383,0.9391001800318364,1.0,1.88436606384596,1.0,0.8926454157078226,-0.4313973385549161,-0.5756696335642612,-1.5380167509366895,0.006216861158353,0.1,1.0
1.5916078596903631,0.3222998042719057,1.7059612017343255,-0.3493786839649203,-0.3798603517816362,1.6663676300344856,1.0,0.2749915205156625,1.0,1.0729060821280154,-0.160127607015059,-0.198674236983627,-0.6629259206787731,-0.1882753773981428,0.3,1.0
1.230033692885892,0.2761072439949682,-0.1577836813737163,-0.6000849529326514,-0.5048045301800835,0.1910561708267431,1.0,-0.2818570656343436,1.0,0.4335190694649511,-0.8256626085795084,1.554370473817064,-0.6125588617847626,0.2538899725306393,0.1,1.0
0.4061041372917841,-1.996492907585624,0.5398179637928222,-0.548759488368111,-0.5109616379273866,-0.0051513234472731,1.0,0.7035941778457718,1.0,0.6890332364203947,-0.6808734460872118,1.5481463774514597,-0.1421717679032774,-0.0335345387313663,0.2,1.0
1.7333666235637288,1.968130118456388,0.7456955224883127,-0.5024021969148007,-0.4989095417502814,0.011644230216255,1.0,0.3349977070995973,1.0,0.8223000640504666,-0.8260154393713148,1.0515897159951533,-1.043477032322404,-0.0165752052603116,0.1,1.0
0.1937947759760805,0.9413289498795502,1.197009757562518,0.0538147057839656,-0.5098643551561779,1.048839314453326,1.0,1.2705620162778528,1.0,1.0032970691275658,-0.3396244221399234,-0.3500155596485562,-1.765110332265822,0.4128170965499379,0.5,1.0
1.1255300316963066,-0.2873875935877602,0.1478424052434538,-0.4163917283659511,-0.5104631346960284,-0.134017947188471,1.0,0.7163517558119862,1.0,-0.353044165404567,-0.7456850696560202,1.4195499755196226,0.1968486109681007,-0.1986052203844506,0.3,1.0
1.1139273456042715,-0.7288250358097772,1.2440127952398992,-0.6938460863766401,-0.5101595522245514,-0.1351617190478057,1.0,0.6384701136940103,1.0,0.6927540925297548,-0.8320666673333227,1.0428333280381017,-2.436082029111172,-0.0247609734064353,0.1,1.0
-0.9779485959567872,-0.2818393868959574,-0.4306565200166041,-0.8697773404927244,-0.2684790072949179,-1.0605545691387237,0.0,0.1646200162311024,0.0,-0.5795823011211286,0.2802445476653547,-0.3420225162302662,1.222746073703988,-0.7724195967748754,0.5,0.0
-0.2815786980886637,-0.9660271528475418,0.0778695572983941,-0.708087463824254,-0.5047213793968488,-1.2477300948117187,0.0,0.2182731887995359,0.0,-2.835740813039852,-0.5936995936723107,-3.487047321413219,-0.5247846889753183,2.093154430342524,0.5,0.0
-1.0929532560008448,-0.31448809437283,-0.7484055620528264,2.290772047800789,-0.4534732912593769,-0.8283006871278039,1.0,-0.0642482931261004,0.0,-1.3426509431000315,0.2347110134209568,-0.3593978147100397,1.1700226611775106,-0.4235822824688511,0.5,0.0
-0.8497256432562666,-0.2828441763749518,-0.8287998979897019,-0.1862375137980182,-0.4557161018501856,-1.1497614592644927,1.0,0.1330281539359076,1.0,0.4373477202802722,1.981857247979872,-0.2629951172362349,1.5514574054333157,-0.6053962590487374,0.5,0.0
-1.077254588255362,-0.2634520323916614,-1.6163666333713154,-0.1271502916389005,-0.5133957235522835,-1.208362153959649,0.0,-0.2390582474241052,1.0,-0.2376522591777244,0.4331863759794034,-0.5003485118380365,0.1441251984416217,-1.1738516793275593,0.5,0.0
-1.090704030794864,-0.2884830707677062,-0.0899376677127035,1.669879621632367,-0.4972004519209521,-1.269503759781485,0.0,0.0604510001512252,1.0,0.2326746549658321,1.105804007846103,-0.3037591094215391,1.390047181609237,-0.6296304289123713,0.5,0.0
-0.9537373051605792,-0.3529847169324182,-1.0372296578260456,1.5984697166635666,0.5587854910376517,-0.7340401833052679,1.0,-0.5223065834362278,0.0,0.7844288369407245,-0.2648482341772994,-0.2974265475517277,0.6740102215429314,-0.6936055352604474,0.5,0.0
-0.7712376519746129,-0.6441957492593557,-0.5599680444864986,-0.4925282674924461,-0.453254145442899,-0.936095635877902,0.0,-0.353782628237949,0.0,-2.616231435002987,0.2859131178678408,-1.7009585500050712,0.4045022748293692,1.316776836960314,0.5,0.0
0.0752875792824581,-0.1055714780634976,-1.068068754944688,0.3595575286302153,2.126494286320763,0.2686011850159044,0.0,-0.189078523238864,0.0,-3.061329977286984,1.8838812018619184,0.9606983656845124,-0.7218347614904803,0.1064516675057046,0.5,0.0
-1.070482799482763,-0.3265237627230915,-1.2173725216845996,0.0965048561746201,-0.2460921833714228,-1.4117684959406258,0.0,-1.057013441414065,0.0,-0.9201528889670528,0.582592846143989,-0.1791067509800751,-0.4788357931421862,-1.032273650625891,0.5,0.0
-1.015476449121306,-0.5662526438410338,-2.4926223583975773,0.3687201940980876,-0.3460509844372681,-0.866227340958985,1.0,-0.3597428317471364,1.0,-1.1953395897603851,0.447498018554211,-0.4907604914599887,1.4109598200973947,0.3469262637944923,0.5,0.0
-1.0872498106792146,-0.3221981534816701,-0.8366691848406651,1.3730453457339424,-0.3463288678988033,-1.3091924451221038,0.0,-0.452236818500247,1.0,0.1667628452795497,0.9192428003685094,-0.3669786205941579,0.4363130488676904,-1.4522968962520513,0.5,0.0
-1.0619173355628273,-0.3130051329360342,-1.225241808535564,-0.5793018255927087,1.8538201128534788,-0.9785941284379844,0.0,0.0272951128217046,0.0,-0.7114574913422287,2.157199911351177,-0.3454919885163238,-0.3427563708671416,-0.984817953106406,0.5,0.0
-0.8898469970298272,0.0993242235464778,0.2992730062674088,2.0224888451934246,1.0834540027118826,-0.3040584893275289,1.0,1.582060747784742,0.0,0.9319082802265366,2.9822068112134525,-0.4610536772756786,1.0960920659588167,-1.5350101149683055,0.5,0.0
-0.902516877847325,-0.2388789715835713,1.306967090047611,-0.5022564889882718,-0.5098221748084256,-1.2037678503057383,1.0,0.0659297272655345,0.0,-0.1414567288789859,-0.8018985423515007,0.7629415751738275,-1.2714542462637122,0.9871167902968964,0.5,0.0
-0.7681931694944034,-0.0875013393054307,-0.3802505474847529,3.493501195733995,0.3319116564436258,2.839445642278972,0.0,0.6962658390560634,0.0,-0.7247110055404343,2.3333050303877227,-0.2812704595424222,-0.5405575311026527,-0.5206168255374501,0.5,0.0
-1.0661839954466774,-0.3137678156796313,2.0887913728623024,0.1300386284147143,-0.2775907439950216,-1.3883226166946827,0.0,-0.3627667509466602,1.0,-0.5099791043817921,-0.1096151831608278,-0.259175123328513,1.1791535315033246,0.3539352065941452,0.5,0.0
-1.0945002792673688,-0.3176086401031314,1.1895658375683635,2.330741392015409,-0.3029223645496948,-0.9234583016135248,1.0,-2.678289833786061,0.0,0.3832084108374538,0.3422788517766104,-0.3193572816634846,1.4427705941357158,-1.0246310563125394,0.5,0.0
-1.0802243183935851,-0.2638824211416715,0.1486931389570703,0.633251936776904,0.1552769173999839,-0.8952037676569881,1.0,-0.0379145242225084,0.0,-0.6560905630538253,0.6484776468459287,-0.4520488034414381,0.4840292099251747,-1.2970548912472175,0.5,0.0
-1.0645757454635374,-0.766508139148074,2.4348273108763165,-0.7664582839314755,-0.4872564067813922,-1.486399779629317,0.0,-4.5681630395842845,0.0,-3.2411451181059205,-0.0863254251233774,-0.180495711273812,-2.455521946579035,4.559668336559415,0.5,0.0
-0.9602898975496406,-0.8052275484573107,0.1203778851888266,-0.4872087281769106,-0.5034444280320626,-0.92713946339595,0.0,-1.3082544226531858,0.0,-2.525202489450931,-0.6469129080578975,-3.229509139022071,0.0030385246975824,0.6302177299720045,0.5,0.0
-0.8128951183906102,-0.8475277938680037,1.0117624914222572,1.0971144644646815,3.6864987158775553,0.8199585614581848,0.0,1.6503510089572118,0.0,1.0486898851086466,-0.7202999620182524,-0.2381455300334501,0.7061155397853118,-1.6586509434263226,0.5,0.0
-1.0477886711385094,0.0426089297538736,-1.6021168436682185,0.4963549586943365,1.4506587973706886,0.0101616300991848,0.0,-2.273972350934227,0.0,-1.555636027171068,-0.6851276846060173,-0.4005328782395425,0.5762215457954958,-0.1692790651173894,0.5,0.0
-1.0848165419047415,-0.2765038474429038,1.3999097482603462,0.4463436044011903,-0.1054196668913958,-1.3769978597280383,0.0,-0.597579798832487,1.0,-0.3396454385539067,0.0195516225655016,-0.3053418779438246,1.3401219390213148,0.6240489370666679,0.5,0.0
0.1028561849405386,-0.846338704649332,-0.0246438551925423,-0.8857054582458539,-0.5098847946974765,-1.4748210430252937,0.0,-0.1735949846986501,0.0,-2.809733401473048,-0.2960129029522651,-1.2339711286586066,-0.99782268069333,2.2577585672191303,0.5,0.0
-0.9122914260187583,-0.5122718596822754,-0.6152657358716507,-0.5209269789782048,-0.5080906040554182,-0.8835749202561576,1.0,-0.7133898212818912,1.0,-1.1498827949070616,0.0819976849143068,-0.3542194635370442,-1.020797128609896,1.064627850107099,0.5,0.0
-0.9620008221205364,-0.1848472047354179,-0.3851422663380552,-0.696203456075363,-0.4950282286833039,-1.1093018780606991,0.0,-0.0702569535743869,1.0,0.2842792378156028,-0.7753334672778409,-0.1853939930669856,-0.102113756151317,0.017792464867075,0.5,0.0
-1.037031688961677,0.0865744785373465,0.0727651550166884,0.623778609396612,1.7027732019906807,1.220338278957774,0.0,-2.536871865520847,0.0,-2.6931912326734238,-0.8349021547684342,-0.2407529549236127,0.730268164518112,-0.9118552432460372,0.5,0.0
0.1883260885134308,-0.5630026396161989,-1.2828790176331657,-0.6702726565847837,-0.4494357623933397,-0.7666039060530322,1.0,0.4706379586262738,0.0,0.2978070856629718,-0.7788576813966078,0.4448742225006425,0.283150062757251,1.0839251391631792,0.5,0.0
-0.9639231081520826,-0.5132843677058078,-0.8777170865227206,-0.0513402440642402,1.0936541150073813,-1.319164465375608,0.0,0.2138831963168997,0.0,0.235232258852591,0.6925513161313305,-0.4436137297665458,0.963841718336533,-1.7557345721755602,0.5,0.0
-1.0050084679343394,0.2077363152938188,-1.1576084783029548,2.788531295899709,3.2386616267478554,2.730570338723126,0.0,-1.3980523477947195,0.0,0.6792029796379337,-1.0875289754694846,-0.0589548060740207,0.5296835615542482,-0.899210679589364,0.5,0.0
-0.8926701016065396,-0.3776224564782798,-1.913698066280712,0.5528998751273002,-0.0109017285289147,-0.4098531396382845,1.0,-0.4642809453631301,0.0,-0.4485537646427117,-0.5295437997269222,-0.5802506653626612,1.7440893148876,0.3475359110254961,0.5,0.0
-0.7824290671170401,-0.3915756035019793,-0.5701768490499116,0.3665973820489907,0.0095221095515318,-0.8045889658581195,1.0,0.1284154657331564,0.0,0.4124746735058747,1.843427516173244,-0.3364014388485219,0.495810978087517,-1.2996816675926155,0.5,0.0
0.237610342263269,-0.2566527525246724,-1.8752023657395092,-0.8568033274599108,-0.4966880809838437,-0.1916984752994539,1.0,0.3136354139478305,0.0,-1.0086281081397583,-0.7260670611212421,-0.3869412718191548,-0.2520367560171125,1.304737150452827,0.5,0.0
-0.9968567689937624,-0.1520479442376394,-1.367952388994938,-0.0968675498954143,3.715863446028144,0.7632603182093671,0.0,0.8249788102889792,0.0,-0.9864588472814269,2.7146910730193974,-2.125222242729027,-1.297079592016805,-1.804243534535081,0.5,0.0
-1.0568015139941525,-0.305164147898906,-1.6814477624630717,-0.1094475061550115,-0.4830184986490057,-1.4387484037424356,0.0,-0.1363810864692572,1.0,-0.5641924742161161,1.3197708553969598,-0.3589901251161494,1.3859235627524185,-0.6994308822749208,0.5,0.0
-0.9056136522884188,-0.0850540426115292,0.6329733054339632,-0.5700734540738591,-0.4301826161351009,-1.0259332885806889,0.0,0.4058201010896703,1.0,-0.1353577974758884,-0.254758721132328,-0.3143358493213189,0.4943382570672233,1.3868650339679862,0.5,0.0
-1.054032568372301,-0.4536996986104459,-1.2197120393970486,0.6926154167656899,-0.0392636802289389,-0.8392050796249583,1.0,-0.9731324178361408,0.0,-0.274801882158713,2.255908322466528,-0.335592543408899,-1.7176445337817892,-0.4624267513188086,0.5,0.0
-1.0726837172276935,-0.2773472649623513,-0.8857990568020895,3.354789810270054,-0.4864084944148563,-1.1778856379102662,0.0,-0.7621519359974298,0.0,-1.350549037940752,1.1814701172261304,-0.1558176433614389,-0.2750112039336785,-0.976053004703468,0.5,0.0
-0.8923663662840803,-0.2998489552987765,0.1355067663959955,-0.7571449336863939,-0.4927213114605127,-0.9143089619187946,0.0,-0.0177883985171204,0.0,-0.646300438473044,-0.8609514009509186,-2.70650099097718,-0.7842781327508903,0.916349395187848,0.5,0.0
0.8752961273684624,-0.4930229781768647,0.1569877926648428,-0.1154572105804484,-0.4993185754057281,-0.159200689300709,1.0,0.4776106028630208,1.0,0.3241027899056104,-1.015896146158466,-0.3551668652818944,0.0631255423255225,-0.306424764568915,0.5,0.0
-1.0105447623538204,-0.5366080362747736,-0.7109732786536459,0.0974358991091829,3.437925459820649,-0.5585585995243798,0.0,-3.990913566574211,0.0,-0.55009792866097,-0.0653060084479135,-0.2562525031768299,0.2675392199421492,-1.485250006310125,0.5,0.0
-0.9529954754674907,0.2219395428033238,0.3573355822218194,1.1317459307272353,-0.4653710841679659,0.222352033792909,1.0,0.1097378932072198,0.0,-0.1898170012799221,2.5491396647577296,-0.2904336610118047,1.2174442780309342,-0.5574557057935399,0.5,0.0
0.6010281797330462,0.1762965258339169,0.5151466860979075,2.846082110875757,-0.5019346135432341,2.117115889366492,0.0,-0.2066013772160565,0.0,0.844531365027337,1.465691839560752,0.7623721717559914,1.0292305316375276,0.0853595966973706,0.5,0.0
-1.0422809179358037,-0.2493190396643974,-0.1888354619207639,0.6846377932477558,1.89499249545562,-0.9656521304379324,1.0,-0.3402847932020933,0.0,0.1682320328366949,0.7991471627096075,-0.2874813606276187,0.1812377681529975,-1.585316013310578,0.5,0.0
-0.717360189803729,-0.95963883950047,-0.447458510860554,0.3212858890639918,1.1372163335404837,0.1618795698977642,0.0,-0.2905782836734747,0.0,0.9520356456834624,-0.7661075596502264,-0.3039066417201432,1.388869004793003,-0.0596078059460749,0.5,0.0
0.2339921643898659,0.039027987316638,1.0568513782439968,-0.3994922198335206,0.5063483803951563,1.0297698064397545,0.0,0.9065132808160627,0.0,-1.2564182803371309,0.4672210474404966,2.21734504781943,0.5396980644922391,-1.5019922241216777,0.5,0.0
-1.0767722868545682,-0.3481780366501681,-1.0643999658047114,-0.3882060418383292,-0.2418542419159516,-0.6289427525385674,0.0,-0.759862087875322,0.0,-1.871081530261031,-0.0805403664648645,-0.338807356741098,1.371049080447461,-0.5837588601771329,0.5,0.0
-0.8104210086188498,0.6860773125913364,0.5513028689266615,0.2367996153947481,-0.458708313608538,0.5344643855233984,1.0,0.3874013092384969,0.0,-0.2351473893917234,1.0508646475789645,-0.3015164209054843,0.6681193374617613,-0.459811207746723,0.5,0.0
-0.5526286739374942,-1.32076799143446,-0.4608575668500337,-0.0359729959557338,-0.4710433350670017,0.0595865035252813,1.0,-0.5617629038473337,0.0,1.139598434055663,-0.3158346017489543,-0.1198099391822099,1.46221051160358,-0.6203161517323804,0.5,0.0
-1.0622896456143736,-0.2571833069204078,-1.2188613056834308,0.4627476032842285,0.0184852312547705,-0.9001437437975204,1.0,-0.4941675358015189,0.0,-0.5818188473944497,0.660966675377106,-0.3763809550342589,1.536730195230389,-1.4422858793794846,0.5,0.0
-0.7868084946467964,-0.4122741500532861,0.4417709032983777,1.5341031199269397,0.2156341852814309,1.948407501709343,0.0,0.3761046564361847,0.0,-1.7355764114793044,-0.5350167770106851,-0.8903501312956719,1.2846003565562818,-0.823958638203787,0.5,0.0
-1.074063712075744,-0.3334363034870291,-1.0006481081404832,0.8013539037094514,-0.1925221280217448,-1.4228761061211044,0.0,-0.6762449999656821,1.0,-1.056454641645891,0.8274018260228714,-0.3265432424601593,-3.0363631169824723,0.8261354536239123,0.5,0.0
-1.019906160484516,-0.2808845632081622,-0.6975742226641667,0.1371851259897196,-0.2415867675248424,-1.6647615168456955,0.0,-1.1533138753832144,1.0,1.069967707013725,-0.7185973865692654,-0.30518613706334,1.832747120309221,1.8554954133149444,0.5,0.0
-0.884731385145141,-0.2244377114320578,-1.6518847659148554,-0.5305645271142492,-0.10274041072101,-1.452830783337462,0.0,-0.978445154159068,0.0,-0.0487951588325096,0.6969727097906113,-0.3480435655916411,-0.4169815102898939,0.0589478075472232,0.5,0.0
1.1658949092284827,1.4001788114992124,-1.7533347612637695,-0.4752760240747983,-0.489342903227293,-1.0642839767186685,1.0,0.1081903641521618,0.0,0.6764127253066546,-0.3793216283103872,-0.9928707405872672,1.4371742542586028,1.258427041937588,0.5,0.0
-0.0193311915690037,-0.1346106735037754,1.120443723336921,-0.6453014198223669,-0.3987317631586827,0.6102687148363387,1.0,0.6475583672718493,0.0,0.8915000000193015,-0.1220592269211391,-0.0117755750552463,1.247134333800035,-1.4939935662816874,0.5,0.0
-0.6477175885507871,0.0554743680909055,-0.8668702316740953,-0.6462083026757106,-0.4716431431991837,-0.8818805241668181,0.0,-0.513013161116246,0.0,-0.4635352900175912,-0.8083879982156875,-2.1120716264013284,-0.5598354492582848,1.4813385047213838,0.5,0.0
0.1117860130985625,-0.5720253368273084,-0.9549211710335304,-0.2744062000596215,-0.5039133560474554,0.6770802794611838,1.0,0.4424937559980436,1.0,-0.5074534899311547,-0.1937345469111845,-0.0875955123372936,0.3052408780616413,0.162806952834268,0.5,0.0
-1.066206657446999,-0.2004269382746467,-0.844013852568232,1.4300954558533012,1.2297206624178942,-0.8586600302617702,1.0,-0.1007487402521621,0.0,0.699358263148202,0.6172444301657709,-0.2588112082093348,0.748235360965683,-1.5392140957856344,0.5,0.0
-1.008024320485317,-0.5955894093261616,0.8847904846648115,2.490480277788132,4.663186636703474,-0.1875759704597225,0.0,-0.2074684471263188,0.0,0.47615614093069,0.0502985502691275,-0.143275882427517,1.7751146377150986,-1.7090819410111002,0.5,0.0
-1.061712603342129,-0.3372882851921743,-0.3936496034742321,-0.5013399336642238,-0.3289760750215341,-1.5602134363056914,0.0,-1.0134197232028608,1.0,-0.898134657022289,-0.0798181425184019,-0.2152444435482533,0.7585444081077308,1.234279964535526,0.5,0.0
-0.9412842375874386,-0.2313685765091666,-1.4568540620679904,-0.0315232340832103,1.1446639954515443,0.2155354932454903,0.0,-0.2256934112210959,0.0,-1.275211783245474,1.4010563976591233,-0.0211786980191022,-0.1984297108784584,1.9051707376156584,0.5,0.0
-0.882245613717699,-0.6275704904371157,-1.497901963750046,-0.4636847027527763,-0.3125456853816841,-1.0183852365668231,1.0,-0.905799954459906,1.0,-0.7951063770433622,-0.0960694411611783,0.1672036618738653,-0.9191793782097006,1.89416508174733,0.5,0.0
-0.9335826253286928,-0.4351170851975226,-0.1288587351107129,0.3630727853352622,0.6432385332659749,-0.8664694440544083,0.0,0.6376917096723123,0.0,0.9162889048829308,0.0279157951591162,-0.3433552394065492,1.086961195633002,-0.6283560476990513,0.5,0.0
-1.0922697532359418,-0.2500040201956507,-0.3906720354765707,0.6439574191982955,-0.4725941801668774,-0.9092991562413552,0.0,-1.6327385828399257,0.0,0.584206762380697,0.3589054689255387,-0.2849487215124436,1.0068451721290803,-0.9335594232630876,0.5,0.0
-0.7231773397965899,0.7078640676074738,0.0993505835672425,0.0043489085313069,-0.3775599289300128,-0.136191566700161,0.0,0.5923360146755688,0.0,-1.929558607241929,-1.0749814272530307,-3.018674478707304,1.7031476705234634,-0.4808648101533026,0.5,0.0
-0.9644909323935916,-0.3298340779435624,-1.4349476689423346,-0.5364346027127807,-0.3690269121847017,-1.4158715509965116,1.0,-0.2554789637864695,1.0,-0.2359760127249562,-0.490985858735761,-0.387929404163449,-1.0275716453032433,1.97563561721331,0.5,0.0
-0.6294901465184888,-0.3767993005769832,-1.7822597075267723,-0.0295906417231808,0.1823448731713217,0.8193074042115339,0.0,-0.664175098135193,0.0,0.0005341026698532,2.500861460677028,-0.4883189918049205,-0.8717577613562763,-1.4197997136915708,0.5,0.0
-1.090318374559054,-0.3389083852251651,-0.5918705587471639,1.51232638962763,-0.3503669282640105,-0.7933664688903839,0.0,-1.5202277562440758,0.0,-0.4719853480379359,0.1854335813957228,-0.3491891358782372,0.5211417796365497,-0.3573396946477632,0.5,0.0
-0.0075101115379268,2.7408985980505163,-1.1067771389142946,-0.6780407678341829,-0.458755999339923,0.2819762945963294,1.0,-1.0495737547642991,0.0,0.8412176471958874,-0.7442498712691049,-1.913352753594019,0.0507546857550653,1.0504259316738,0.5,0.0
-1.029037938518003,-0.1716335486218458,-0.1092918596975065,-0.8372569238350129,-0.4870815988593969,-1.250063063826138,0.0,-0.6805215825908524,1.0,0.6930739868909701,0.4551936673676423,-0.2446504324486029,0.1750523398677675,0.8237276394213005,0.5,0.0
-0.893340961334208,-0.3698399747285392,-1.3413669604443843,-0.6975918114022579,2.675616591500236,1.02428581673083,0.0,-0.242056391656023,0.0,-2.7259191400809346,1.5690146854563312,-3.197421193371139,0.7712098088822487,-0.4846934932431152,0.5,0.0
1.0510482143149138,-2.4814080506381577,-2.8095206667201817,0.0839979217118619,0.2816854302168647,1.941402182182765,0.0,0.5718325434444306,0.0,-0.4570784646806733,0.2812184276602208,-0.4660896759824527,-0.5931189443169004,-0.451831937981217,0.5,0.0
-0.8778502179457234,-0.3834921595960283,-0.6429145815642272,-0.6694123157023851,-0.485829119075294,-0.7972936831784893,1.0,0.5235364401432065,1.0,1.1806046259053151,1.7593301959637584,-0.5242202899106659,-0.0002014615470635,-0.3735333530502981,0.5,0.0
-0.135151658926283,-0.8178256161108195,1.2065805118407178,-0.6267541193853545,-0.3880045734611545,-0.5339402125666957,0.0,0.4631560010296342,0.0,-2.163927659983356,-0.2100161240095999,-0.1879151425479769,-0.394301606577386,1.5633346724289363,0.5,0.0
-1.004890802957581,-0.6452407322298925,-1.7310030012813042,0.3510434377380612,-0.3676463514169894,-0.7651786927072213,1.0,-0.7492407392242842,1.0,-1.1361593268109251,0.470173014356123,-0.4337661928307534,1.018921484495479,0.282286115716886,0.5,0.0
-1.009123967840422,-0.2309688071468119,0.7159198425116924,1.8345434899656612,0.7279070106602147,-0.7357569452304706,1.0,0.0758427798067621,0.0,0.3550010954423407,-0.2268524899844834,-0.0538923526432352,0.5997850821201798,-0.6936258465765738,0.5,0.0
2.293764825963732,3.2459932095476,-0.5016927851036842,-0.3881782430894929,2.8076836013332884,2.254893968073507,0.0,1.146325641418729,0.0,0.5378298350192957,-0.71622064309172,-0.3768160277272985,-0.3954797833936195,1.9791137762263364,0.5,0.0
-1.0658840203226705,-0.3860139551369217,0.6667899705502685,-0.6679817485097793,-0.5124499190096095,-1.21936302389625,0.0,-1.371518565142506,1.0,-1.179006559178214,0.7035182768713506,-0.4972729557683578,0.7553044218630884,-0.5164650078729005,0.5,0.0
-0.9529699746685524,-0.8875261673965935,0.0989252167104332,0.6780155708989233,2.0756825127761367,-0.6545827202826928,1.0,-0.8033764191863001,0.0,0.7859918601771595,-0.2539881963252153,-0.4657357270100527,0.2030340392533293,-1.2581656451776182,0.5,0.0
-0.7414122336752574,-0.5150540502795685,-2.155519124376552,-0.3316439422882803,-0.279727633022673,-1.492739191782048,1.0,-0.2286121685527876,1.0,-0.342094084482482,-0.672106310792694,4.231547238910036,-1.6885288392106022,2.775386303754283,0.5,0.0
0.6214583681965998,0.1670346369208042,-0.4376750731539498,2.045430255693488,-0.2550834495420548,1.8984101761298864,0.0,0.1571318726422375,0.0,-0.5471878593507629,1.3623374740131378,-2.346671674584902,-0.2013751529190442,0.2293025088652928,0.5,0.0
-0.9710277178358095,-0.3133917326121202,0.3847717444859905,-0.3445774493875667,1.302445281371981,-1.0868048994818873,0.0,-0.4720763265658574,0.0,0.1261502204318777,1.1371746517510146,-0.5403075393002468,0.1609142180729581,-1.4515623036521492,0.5,0.0
-0.2644660974358851,-0.6438989022978051,0.213986951477232,0.9762080372980096,1.691192076338198,0.7368886762094832,0.0,0.5909957163600623,0.0,0.9506234574852248,-0.983570867556412,-0.415227541117968,-0.7274311013675927,1.0642650161417513,0.5,0.0
-1.0039757581602555,-0.839994712055081,0.0446909424673026,-0.6641390199961638,-0.5080386792629572,-0.9474915246959468,0.0,-1.9153899706022957,0.0,-2.139335247807661,-0.6897091530344461,-3.5254607867721277,-0.3730944238851711,0.3667473386088608,0.5,0.0
-0.9039335835229432,0.0672924628030996,0.0841224500934843,0.052241628188081,-0.1767152289544743,-1.384477787953871,0.0,0.129506262362238,1.0,-0.1233351980045652,-0.7162343938858382,-0.3288433414566894,1.038891581530647,1.2761095813616254,0.5,0.0
-0.6756281081468152,-0.5797261101642193,-0.5289162639394519,-0.8261000893664348,-0.5110215435737498,0.1620765024980991,1.0,-0.4426804915106849,0.0,-0.6673126511206284,-1.0853705923695276,-1.3068109024000891,1.5706027786971213,0.4651513567799166,0.5,0.0
-0.957367693093942,-0.4433305458608485,0.6716816894035703,2.588814735859198,0.3481294041980144,2.1433644343355738,0.0,0.3107929505202523,0.0,-0.4646708180622202,2.086958051418176,-0.2874312402724241,-0.2004915203068681,-0.3525099098706939,0.5,0.0
0.4589008881847004,-0.3025591206851441,-0.9917154041474968,-0.2828314660978421,-0.441944297057111,0.692517688975306,1.0,0.0351616329350241,0.0,1.1883224166515325,-0.066224318272172,-0.04821158550103,1.0790085021234184,-0.9711796736956128,0.5,0.0
-0.9009734262652824,-0.2599976082646611,0.166771230371447,1.0341474582355403,0.6798621831185906,-0.4474217985397309,1.0,0.5758441594026122,0.0,0.021772761750104,2.6760762217641125,-0.3951729321534961,0.9594235552756551,-1.337127425354783,0.5,0.0
-0.9345428167017475,-0.0753102612136926,0.0476685104649645,0.6873314471168585,-0.206233067324215,0.3837077803103528,1.0,-0.1094266563457152,0.0,0.7064634077238495,1.3797366214645128,-0.3416442837017784,0.7912388147582297,-0.379232831454231,0.5,0.0
-1.027685581632622,-0.3098951543238028,-0.797748117442654,0.8003116551456646,-0.4519287432762755,-1.2655651643971555,0.0,-0.6697033131873057,1.0,-0.7935726289878626,1.2282222518675383,-0.2563017070591321,0.8089114670017414,0.0616239773204738,0.5,0.0
-0.8066283736668147,-0.2728663609550146,0.0738285721587098,-0.4344674968565824,-0.4907949342466557,-1.0864025263278716,1.0,0.0356699152962124,1.0,0.0157521559966616,1.9217222698460577,-0.0476126010360687,0.7620789385564346,0.2434878089490337,0.5,0.0
-1.0774176679614125,-0.1865660056387738,-0.2317975144584597,3.05409533393167,-0.4744911173067325,-1.1186744656018843,0.0,-1.3975945843700388,0.0,0.4058247483000052,1.1546439715205197,-0.240272873889759,-0.0747211451738714,-1.135603932325616,0.5,0.0
-0.5832675048177864,0.0639663008931155,0.7297442653579799,3.9033675493415534,-0.2142505876476585,2.2247951019937937,0.0,-0.3071361228635024,0.0,0.022994564334576,0.9613554162064648,-0.4987654497270323,0.9611908205000054,-1.5375850359081389,0.5,0.0
-0.9852269933433356,-0.4112590049024266,-2.012808543917177,0.1503818468841667,1.096927733780656,0.2143160739008057,0.0,-0.5740183854445852,0.0,-2.3393324269379856,1.362288584824465,0.4285839525446074,-0.3409891056427908,2.9806832392483438,0.5,0.0
1.7671689729116846,1.240935792780984,-1.0944415000668382,-0.8781933115887591,-0.5063490643917157,0.5286022716324621,1.0,0.4116277167906308,0.0,0.5637389517732899,-0.4788362532268061,-0.4809674112641156,0.446622096009739,1.4427390026537985,0.5,0.0
0.3311439823434619,0.7453020031729652,-2.2001826443414823,0.2943241207461664,0.4481246944857083,0.5178183149147536,0.0,-0.2812745513664504,0.0,-0.3609949943460455,2.196183567911406,0.3770332648514416,0.1691614557865974,-2.0910871729305947,0.5,0.0
-1.087472385192782,-0.3104748730671069,-0.8751648853818685,1.2411177914828766,-0.4925079181651192,-0.814376199009498,0.0,-1.0021632793500137,0.0,0.857207712247762,0.2318711179087758,-0.3453949772818413,0.915831013074991,-0.8390394826803704,0.5,0.0
-1.0841289114903585,-0.3162595766796557,-0.8407101699803492,-0.2851776902373021,-0.3744071333206151,-1.0468315363324987,0.0,0.1624250199897843,0.0,-0.0081805952311332,0.502457464246991,-0.2845816007218495,0.3971386697279046,-0.826979177109543,0.5,0.0
0.2697274775232561,-1.064037606264703,-0.8666575482456906,-0.5225935228696069,-0.3389794685773152,-0.5044560389278204,1.0,-2.432712128429308,1.0,0.0611589310044136,1.3598806095194702,-0.3658286930939077,1.6566096862822135,0.3910556755510772,0.5,0.0
-1.066068211577241,0.005489873923408,1.2631543037962962,-0.034934504951092,1.0698403616050498,-0.1211963778900686,0.0,-3.4050588628792338,0.0,-1.905773782921775,-0.5726188177301058,-0.3434165111737887,-0.5068174925277477,-0.7865424241741671,0.5,0.0
-0.7365546943920979,-0.8639134143779675,-0.231159464173245,4.114630021308448,0.5626323131538796,2.721563758176928,0.0,0.0621737989860033,0.0,0.8001525172336236,2.416633335007768,-0.2945486084291115,-1.8148883027517155,-0.2891721480028848,0.5,0.0
-1.0191738149595335,-0.2829151628805391,0.8641601921095811,2.3439530408740783,1.0367481390498028,-0.7496239333327787,1.0,0.305663731966679,0.0,0.8719383628933006,-0.0836739856302335,-0.1749571680287821,-0.7957653567091731,-1.5419919760131235,0.5,0.0
-1.068943833928364,-0.3067134283028695,-0.9374811299043664,0.0585506741543561,-0.2507917092557079,-1.5558308366126998,0.0,-2.7199751733957247,1.0,-2.568242530874116,-0.6025054561831028,-0.3181809609341574,0.2519283771270461,1.678657401438794,0.5,0.0
-0.8736150852592958,-0.1734345683497722,-0.9247201242001007,0.5843590629536377,-0.5138032523837723,-1.2534796009657614,0.0,0.0999599014962471,1.0,-0.6856961076205048,0.8917090639471124,-0.7237667813813976,-0.5188938048941477,0.5250758942968609,0.5,0.0
-0.7027971528995821,-0.3332840625517761,-1.2394915982386605,-0.878287635557807,-0.5063934597065498,-1.4050291316825276,1.0,0.3346172685777343,0.0,-1.9300303060181936,-0.7468391731517264,0.4678914510960242,0.6572212019115944,0.0956577417206322,0.5,0.0
-0.9488510875595748,-0.0958025269866959,0.1880395732118905,0.1126506240968976,-0.3822789356212469,-1.3393523359603026,0.0,0.806460011563495,1.0,-0.2208409380566934,0.6864215651074899,-0.3297215506139974,1.9320085170769468,1.922661858272566,0.5,0.0
-0.9880667919914594,-0.4328498362451662,-0.123967016257412,0.3625062217156228,2.12602185449124,-0.5871390235272729,0.0,-0.3540692458777266,0.0,0.1906153321039852,-0.3933768522667655,-0.4433030414886002,1.239240549131264,-1.143014946860406,0.5,0.0
-1.0772144841763232,-0.2748450398570432,-2.338639556232768,-0.0489973921753907,0.2983941839666744,-1.3315459514644206,0.0,-0.5452957925432788,0.0,0.4224026434750342,0.417638642814465,-0.32275283158327,0.5623779682047463,-1.4692593071952462,0.5,0.0
-1.0738774118841328,-0.2766836359909869,-1.4991780643204728,-0.4583488805985168,1.7427925235056585,-1.0969946314181631,0.0,-0.3978485438556933,0.0,-0.7779668249201872,1.81318029506814,-0.3266390118937097,1.775311000517805,-1.0258104975103297,0.5,0.0
-0.886970697238125,-0.3563054450840791,-0.7894534637348811,0.2065025759547955,-0.4997314090579026,-0.9697671328137348,1.0,-0.8429327464717169,1.0,0.6056071135198894,1.3260196256269912,-0.7568430260080591,1.7040313031356396,0.0391128841082232,0.5,0.0
-1.072839224115843,-0.6636475406988656,-0.6492950844163603,-0.2212022953337513,0.7848343833917915,-0.7097617004303355,0.0,-4.574292842380318,0.0,0.7015730953800345,-0.206125227221271,-0.366982653471626,0.7199591173760641,-0.96088106705153,0.5,0.0
-1.0661598454965129,-0.1598240352070428,-0.1022733065601598,0.857266903878739,-0.3943394568820401,-1.086261821952037,0.0,-1.8619100058161735,0.0,-0.6842837255468966,0.972702840797629,-0.1248073428747093,-1.760397625000886,-1.118572124385656,0.5,0.0
-0.3803810838834735,-0.4344488498931177,-1.1350640348920844,-0.7190018485190554,-0.4314226677055739,0.7261629272873883,1.0,0.4683800714639973,0.0,-0.0436834408156595,0.4051435358536506,-0.305387245335707,1.39151990262953,-0.007543132275591,0.5,0.0
-1.0226706906454506,-0.2973996727841961,0.9794346103047832,2.397456287604557,0.0315804905074299,2.052922429852137,0.0,0.4375851711671767,0.0,-0.2813471146645485,-0.2870315550566916,-0.9391963749293624,1.6115444230612592,-0.2942244340157015,0.5,0.0
-1.0202000729185794,-0.2291103767316304,-0.0233677546221155,0.7700590560615793,1.0341431869831323,-0.9116865818194236,1.0,-0.4622746218846872,0.0,-0.0638232142962932,0.8172443248906381,-0.6729396232485995,0.449862082254385,-1.3105551460325162,0.5,0.0
-0.9606781677786372,-0.508860948156173,-0.0120955329166806,0.3025290183052614,1.074773015450368,0.2612745901660657,0.0,-1.8868467714755264,0.0,-1.9826316021473631,1.734838798712918,0.9657729752752218,1.3008002877795013,3.923601007230656,0.5,0.0
-0.2438502257355331,-0.3198995514247811,-2.127870278683975,-0.4487730931083264,-0.3613995613466059,-1.4053470379748163,1.0,-0.5126440635801295,1.0,-1.4266239884205298,-0.6232070904876789,3.1643923011532378,0.0307256798790843,1.6221793249718308,0.5,0.0
-1.0638825664882214,-0.2289497884377009,0.1893156737823173,1.0175184762758347,1.93004826393765,-0.7266125741486443,1.0,-0.1883392971679269,0.0,0.4302324941853622,0.1905456930444604,-0.656791958061591,1.0601576730636748,-0.449858662844823,0.5,0.0
-0.7781489330207212,-0.208341361459368,-0.8005130020119127,-0.7969982417974735,-0.4681331080154806,-1.4472939083356355,1.0,1.1999612870091905,1.0,-0.1946127024429656,-0.3765150816391465,-0.1104547584626485,-2.0896980451383307,1.5088944980133143,0.5,0.0
1.4610515113040643,0.0054826218232584,-1.13485135146368,-0.6618580233286454,-0.4965806427613806,-1.2414100758204638,0.0,0.6878302076580057,0.0,-0.3070701110629265,-0.8682280583577037,-0.4913567780826692,-1.2929559731599851,1.2177139320040085,0.5,0.0
-0.9569265018520946,-0.0294552957689444,-0.3338855600925864,0.0246445004386045,-0.3870182133528875,0.4035534677619323,1.0,-0.0958927363552112,0.0,0.6465815098087904,1.4153426482932694,-0.3471415405373024,1.4890140341729063,-0.2347132010072067,0.5,0.0
-1.0222084422922724,-0.7339491018093581,0.0090208931891877,2.385560963052167,4.342234429640539,-0.0528563490290414,0.0,-3.342998411377109,0.0,0.1498441172032985,-0.2685562101462841,-0.2184499562675603,1.5772931399035943,-1.7673988070819242,0.5,0.0
-1.0638208589097655,-0.3439770502837156,-0.9323767276226598,2.734811976596917,-0.4809454784877297,-1.1511187116115824,0.0,0.1997141811245864,0.0,-0.7183334752300238,1.2431972512626666,-0.3877012658918783,-0.3448181802955513,-1.3097442321235333,0.5,0.0
-1.0020456573677443,-0.4371711947138093,-1.2460847845191982,-0.0143298945052481,-0.2630507613585985,-1.0763900533727817,1.0,-0.5820519273479909,0.0,0.6120608368508803,2.248286204265152,-0.2809918438482962,0.7806352234121211,-0.3912242016491146,0.5,0.0
-1.0813755197832295,-0.269827267767074,0.8850031680932148,1.6595334734051863,0.4069659990435887,-1.2093407583678113,0.0,-0.2323753138232484,1.0,-1.2295297052117065,0.4945571565732721,-0.3110898491307255,1.3974107867107008,1.0917379176858923,0.5,0.0
-1.0742837955838491,-0.0856414201893388,-0.0767512951516281,2.012272191400594,-0.4888687166468015,-1.2305820102770908,0.0,-1.296649501238307,1.0,-1.2016923040233805,-0.0762825571999652,-0.3381425816230771,-0.2585167285063999,-0.1309463798843725,0.5,0.0
3.228424302331856,-4.222252361047181,0.5325867272270711,-0.6944854382614263,2.446838217249037,1.8102167591750584,0.0,0.5110850687921503,0.0,0.1941062520240111,-0.8873839539308982,-0.867835113975676,-0.719183863653953,2.3863088869826514,0.5,0.0
-0.9197166263917316,-0.560027981258336,-0.5497592399230862,-0.7476008553122189,2.952301643784226,0.7188049636449717,0.0,1.2874941079975182,0.0,-1.2514228875425406,2.339757706179867,-2.377192205610058,0.934976386338796,1.27036948032544,0.5,0.0
-0.3477542552354714,-0.4726402382565614,1.3118588089009129,-0.4125708751769148,1.7190855282062223,-0.0182623462974042,0.0,1.4772267375406325,0.0,-1.6548641560141273,-0.6897949383250495,-0.2467291834045379,-0.5869335160316693,-0.1570091836938039,0.5,0.0
-0.9212762881590578,-0.2734379064644807,-1.1439967388850707,-0.3073828467151679,-0.503008198125018,-1.1539662045566963,0.0,-0.178792249166703,1.0,0.0117804251579606,-0.1451720737090623,-0.5283775537776287,1.5172902777625252,0.5609161348434062,0.5,0.0
-1.036309674405525,0.1995390176689496,0.5995820071744669,0.3564477373348446,1.475067963713353,1.4250408272939672,0.0,-3.1920663870692065,0.0,-2.747956274874316,-0.7051803888728748,-0.1942006072329143,0.865169409976922,-0.6831741356935086,0.5,0.0
-1.051818994988935,-0.2919864704962669,-0.7639314523263497,2.6488979147383214,-0.5077515281874486,-1.2002964248569,0.0,-0.6894283803967459,0.0,-0.2895426143235141,1.0693023921672724,-0.3080144874643875,-0.8325833822164898,-1.0201465639096177,0.5,0.0
-1.0739256170234288,-0.377711289388324,-1.2711814290709214,-0.0496451441832829,0.5840437339875177,-0.913038879709202,1.0,-0.3906800098651415,0.0,-0.0439568050879708,0.3982837443719739,-0.5275990834526973,1.0280523548212943,-1.4470077987580343,0.5,0.0
1.332798460886391,-1.7810698893878945,-0.2756103007097725,0.7683365207514491,0.4675587174064471,0.8419013149781959,0.0,-0.1357490842635606,0.0,-0.5397577796542689,1.5325570196382043,-0.2405092048735498,-0.1415826794951598,-1.5153841518876356,0.5,0.0
-1.0636865563149775,-0.5060657207923352,-1.7775806721018743,-0.4729889497284187,-0.1481201087574143,-0.3443985867154599,0.0,-2.7585417419250757,0.0,0.3036462240696884,-0.2180642726644373,-0.6786193429932132,1.154706362566465,-0.577422652787361,0.5,0.0
-0.8572020549111053,-0.8187932717026345,0.4156108416046328,0.5881889784056911,-0.32345172670355,0.0536149952169077,0.0,0.4833759476171076,0.0,-0.2527605790448674,-0.7394383541149148,-0.4392638637652304,0.3732805891991635,-0.5697732880353008,0.5,0.0
-0.8770691450876655,-0.8273598096876157,0.8622460412539417,0.3603796336692955,-0.4856376077694361,0.4505156078588258,1.0,1.808416513299722,0.0,0.7762756021125135,1.543530859702673,-0.3415461576236476,1.5349629300060377,-0.2656319481069004,0.5,0.0
-0.4510711695669366,-0.7913603420104579,-1.190361726277237,-0.4727742421368237,-0.3165744618216901,-0.0727924057819822,1.0,-1.1022299515857366,0.0,-0.4025176701825324,-0.5319440029197063,-0.0709297979537453,-2.072909025506995,0.6991798799235219,0.5,0.0
-0.878840523165469,-0.5799867178921775,-2.4619959447073385,-0.3090383664074473,0.7969249866110732,-0.5473793054244003,0.0,-1.0926210436622583,0.0,-0.1619640900619615,-0.3020788984473875,-0.3000412645508785,0.5394035202881785,-1.165136432099688,0.5,0.0
-0.1695018318891294,-0.1311617894708777,-1.1076278726279123,-0.7158478246043802,-0.492908550383234,-0.993829728750218,0.0,-0.6038523949490578,1.0,-0.2482638337030324,0.1773148996385853,-0.3248803837288725,-1.0864804861149508,1.3108265445769425,0.5,0.0
-0.468148736864058,-0.3072915094751721,0.4407606570134576,-0.6896341420474691,0.4824956589438333,0.8015513086756418,0.0,0.8714985028228048,0.0,0.2885755160244095,0.7576386866947786,0.5726163562275708,0.6872647107255662,-1.0233114362587563,0.5,0.0
-0.937982827702872,-0.3907797120945004,1.0204825119868386,3.48527879493051,0.2265690148470347,2.746257905864701,0.0,0.3710094608398512,0.0,-0.3015442752548304,2.6364003263366533,-0.281856795887985,0.7273227224775266,0.2415410000730467,0.5,0.0
-0.9632434578264246,-0.4820752418184075,0.121469660121303,0.5208269745088937,2.224751778805769,-0.5836159230886759,0.0,-0.6359979035484273,0.0,0.977958721464128,-0.3335288191679638,-0.4364572667012787,1.006256083720962,-1.1996613610534466,0.5,0.0
0.5486287316101803,1.7135653252339595,-1.0748746246536296,-0.5237277027686986,3.7383498494681686,1.611109406881044,0.0,-0.3466903881515106,0.0,1.2230001286594938,3.675337836756253,-2.2857763594963902,1.1594190698314022,-1.2762673363071717,0.5,0.0
-0.9690729630450836,-0.2650552968123913,-0.5929339758891853,2.3122207171772065,0.1212742607349782,2.063383752309723,0.0,0.247387561208452,0.0,-0.1799254798804042,-0.3528927259240568,-1.3504977289774929,1.1717899264018607,-0.4486704508514328,0.5,0.0
-0.3418258759513524,-0.6284817242644233,-2.051091561029975,-0.5511824772783093,-0.4053301610955037,-1.390735267538263,1.0,-0.220220870099012,1.0,-1.334418800996054,-0.6020541130931883,2.458407221748346,0.4089204378902477,1.5512208188428669,0.5,0.0
-0.7011592306158431,0.1913951006052991,-1.2490623525168605,-0.3398348841877455,2.538369799485308,0.6349082785601313,0.0,1.1495299853914942,0.0,-0.0954078386443581,-0.6909341981510354,-0.2208058391043669,1.2957930363105044,-1.6777529668750977,0.5,0.0
-1.0627335143594616,-0.5413981866601283,-0.7118240123672634,0.9182329657909116,3.989929259693873,-0.6127496608841144,0.0,-1.6219986693379005,0.0,-1.5584964643864438,0.0829460646527019,-0.2088387503155588,0.9918234177220934,-1.7797782465137062,0.5,0.0
-0.7983536628077661,-0.1674137939903433,0.1095593881306545,0.0953024737011254,-0.4991538833244996,0.0727763447134417,1.0,0.3511740767690577,1.0,0.2253465537141861,-0.2842251325117549,-0.3046259102766733,2.347904933207602,0.8553378945109313,0.5,0.0
-0.3607168549012509,-0.2259442182687896,-0.3238894389575784,-0.8650241603219283,2.8373480817871783,1.2091211611151194,0.0,0.2169215494982827,0.0,-3.003780497015925,2.999187594564884,-0.26189834119633,0.2198230588846663,3.349076350270237,0.5,0.0
-0.9435472117120752,-0.6101937991967304,-0.3224006549587472,-0.8440883464020414,-0.4902969338234567,-1.579578598020427,0.0,-0.6280334385582055,0.0,-2.3824959669721366,-0.5654259744233162,0.1864727940583062,0.0631255423255232,1.78701242577568,0.5,0.0
-0.9492089858692796,0.061836118760303,0.7133676413708382,0.4511612802695643,-0.4623862974207152,0.4152148447139107,1.0,-0.0973732504944939,0.0,-0.9074030629812336,2.369361044074428,-0.3316513112462722,0.8934456535665423,-0.7531595451316931,0.5,0.0
-0.5067522043726645,-0.2158872833176436,-1.4321827843730766,0.8608793967505308,0.3388419146133321,-0.6942004861057957,1.0,-0.7861742058061251,0.0,-0.2856162503214945,-0.4072792941758264,-0.2897512100675762,0.7706207204741324,-0.695713911423803,0.5,0.0
-1.053018701930513,-0.2995386316063942,-0.1601231990861655,1.4848097495246366,0.0510538377213465,1.9720289952335888,0.0,-0.0929038711116315,0.0,0.1546053085504048,-0.4097694553751373,-0.953303931783692,1.72376576480756,-1.346583881747658,0.5,0.0
-0.2584015203363105,0.0145211417983307,-2.104049734702679,-0.2803585936202026,0.3185310629234449,0.6804232641431202,0.0,-0.1801315164835053,0.0,0.437873122534147,2.4271866526520944,-0.3766089623811307,-1.0520188142401017,-1.5805140796563792,0.5,0.0
-1.083459274583259,-0.1787341096523831,-0.7464914111971869,1.8254891156959203,-0.2333531363916033,-1.1930026780590364,0.0,-1.0990792195455918,1.0,0.0984485320028552,0.0770055417527009,-0.3246308273667835,0.9797471053556932,0.274848481048082,0.5,0.0
-1.0922449908673966,-0.2290795446724165,0.033844087618678,1.384907718227943,-0.444558884558978,-0.9947616267815254,0.0,-0.9443015700708896,0.0,0.3249488620221823,0.6767563218302018,-0.3116610101134593,1.2551459361504276,-1.0044939251093568,0.5,0.0
-0.9992318514694556,-0.209965656438853,1.8291049067804923,2.4808681545692868,-0.1923785955067907,2.4279602397594595,0.0,-0.0958545894031545,0.0,-1.2809919835395789,2.437723329086211,-0.1510528888915003,0.4377857698879842,-1.3163127886599018,0.5,0.0
